Sample_Code,Lasiodiplodia theobromae,Macrophomina phaseolina,Microdiplodia miyakei,Leptoxyphium madagascariense,Cladosporium flabelliforme,Cladosporium herbarum,Cladosporium sp.,Parazalerion indica,Pyrenochaetopsis indica,Pyrenochaetopsis leptospora,Pyrenochaetopsis sp.,Didymella exigua,Didymella sp.,Epicoccum keratinophilum,Epicoccum nigrum,Epicoccum thailandicum,Phoma sp.,Letendraea sp.,Paraconiothyrium brasiliense,Paraconiothyrium sp.,Paraphaeosphaeria parmeliae,Pseudocamarosporium africanum,Pseudopithomyces rosae,Dokmaia sp.,Microsphaeropsis arundinis,Pseudorobillarda phragmitis,Poaceascoma helicoides,Leptosphaeria sp.,Neottiosporina sp.,Stagonospora sp.,Acrocalymma vagum,Periconia epilithographicola,Periconia macrospinosa,Periconia sp.,Parastagonospora phoenicicola,Phaeosphaeria caricis,Phaeosphaeria podocarpi,Phaeosphaeria sp.,Phaeosphaeriopsis musae,Phaeosphaeriopsis sp.,Setophoma terrestris,Alternaria eichhorniae,Alternaria macrospora,Bipolaris secalis,Bipolaris sp.,Curvularia affinis,Curvularia americana,Curvularia geniculata,Curvularia hawaiiensis,Curvularia heteropogonis,Curvularia lunata,Curvularia petersonii,Curvularia ravenelii,Curvularia sp.,Curvularia spicifera,Curvularia verruculosa,Exserohilum rostratum,Pithomyces cynodontis,Pithomyces sacchari,Neopyrenochaeta sp.,Preussia globosa,Preussia persica,Preussia sp.,Preussia terricola,Westerdykella reniformis,Westerdykella sp.,Torula sp.,Chlamydotubeufia sp.,Helicoma sp.,Tubeufia laxispora,Ochroconis minima,Cladophialophora immunda,Cladophialophora sp.,Exophiala sp.,Exophiala spinifera,Phialophora livistonae,Aspergillus brasiliensis,Aspergillus chlamydosporus,Aspergillus clavatus,Aspergillus collinsii,Aspergillus deflectus,Aspergillus flavipes,Aspergillus flavus,Aspergillus floccosus,Aspergillus fumigatus,Aspergillus muricatus,Aspergillus neoniveus,Aspergillus niger,Aspergillus parasiticus,Aspergillus pseudodeflectus,Aspergillus ruber,Aspergillus rugulosus,Aspergillus sp.,Aspergillus tamarii,Aspergillus terreus,Aspergillus ustus,Aspergillus wentii,Penicillium brasilianum,Penicillium citrinum,Penicillium commune,Penicillium gossypii,Penicillium javanicum,Penicillium levitum,Penicillium melinii,Penicillium ochrosalmoneum,Penicillium paneum,Penicillium phoeniceum,Penicillium pimiteouiense,Penicillium pinophilum,Penicillium polonicum,Penicillium samsonianum,Penicillium simplicissimum,Penicillium sp.,Byssochlamys lagunculariae,Sagenomella oligospora,Talaromyces aculeatus,Talaromyces allahabadensis,Talaromyces diversus,Talaromyces flavus,Talaromyces indigoticus,Talaromyces marneffei,Talaromyces minioluteus,Talaromyces purpureogenus,Talaromyces rubicundus,Talaromyces rugulosus,Talaromyces sp.,Talaromyces verruculosus,Talaromyces wortmannii,Arachnomyces gracilis,Arachnomyces pilosus,Gymnascella hyalinospora,Chrysosporium lobatum,Auxarthron chlamydosporum,Scytalidium lignicola,Scytalidium sp.,Tetracladium sp.,Xylogone sphaerospora,Phialocephala humicola,Geomyces sp.,Vermispora fusarina,Ascobolus sp.,Eleutherascus lectardii,Eleutherascus sp.,Tricharina ochroleuca,Meyerozyma caribbica,Torulaspora globosa,Torulaspora indica,Chloridium aseptatum,Coniochaeta cateniformis,Colletotrichum truncatum,Chordomyces antarcticus,Gibellulopsis serrae,Gibellulopsis sp.,Plectosphaerella sinensis,Stachylidium sp.,Clonostachys rosea,Keithomyces carneus,Metarhizium anisopliae,Metarhizium marquandii,Paecilomyces formosa,Pochonia sp.,Monocillium griseo-ochraceum,Trichoderma asperellum,Trichoderma atroviride,Trichoderma brevicompactum,Trichoderma harzianum,Trichoderma pubescens,Trichoderma sp.,Trichoderma spirale,Trichoderma tomentosum,Trichoderma virens,Acremonium persicinum,Acremonium sp.,Emericellopsis minima,Emericellopsis sp.,Sarocladium glaucum,Campylocarpon fasciculare,Corallomycetella repens,Fusarium brachygibbosum,Fusarium chlamydosporum,Fusarium delphinoides,Fusarium equiseti,Fusarium oxysporum,Fusarium proliferatum,Fusarium pseudensiforme,Fusarium solani,Fusarium sp.,Fusicolla betae,Paracremonium inflatum,Purpureocillium lavendulum,Purpureocillium lilacinum,Achroiostachys levigata,Albifimbria verrucaria,Alfaria ossiformis,Alfaria terrestris,Myrothecium gramineum,Myrothecium inundatum,Paramyrothecium sp.,Stachybotrys sp.,Striaticonidium sp.,Microascus cinereus,Scedosporium boydii,Myrmecridium schulzeri,Acrophialophora fusispora,Acrophialophora jiangsuensis,Acrophialophora jodhpurensis,Acrophialophora levis,Acrophialophora sp.,Amesia nigricolor,Arcopilus cupreus,Chaetomium acropullum,Chaetomium cervicicola,Chaetomium globosum,Chaetomium grande,Chaetomium longicolleum,Chaetomium megalocarpum,Dichotomopilus erectus,Dichotomopilus funicola,Dichotomopilus indicus,Humicola olivacea,Humicola phialophoroides,Humicola sp.,Myceliophthora verrucosa,Pseudothielavia terricola,Zopfiella marina,Conlarium sp.,Madurella fahalii,Ramophialophora sp.,Staphylotrichum coccosporum,Apiosordaria jamaicensis,Cladorrhinum sp.,Podospora bulbillosa,Podospora sp.,Schizothecium inaequale,Neurospora terricola,Nigrospora oryzae,Nigrospora zimmermanii,Coniocessia anandra,Coniocessia maxima,Idriella sp.,Microdochium sp.,Agaricus sp.,Chlorophyllum hortense,Chlorophyllum molybdites,Echinoderma jacobi,Lepiota sp.,Leucoagaricus sp.,Clitopilus scyphoides,Lycoperdon sp.,Vascellum intermedium,Coprinellus disseminatus,Coprinellus radians,Coprinellus verrucispermus,Coprinopsis calospora,Clitocybe sp.,Gyrodontium sacchari,Corticium sp.,Geastrum sp.,Lyomyces mascarensis,Phallus sp.,Ganoderma sp.,Ganoderma tuberculosum,Trechispora sp.,Solicoccozyma aeria,Solicoccozyma terrea,Hannaella luteola,Hannaella siamensis,Hannaella sinensis,Papiliotrema laurentii,Papiliotrema rajasthanensis,Papiliotrema terrestris,Cryptococcus sp.,Saitozyma flava,Physoderma maydis,Mortierella alpina,Mortierella ambigua,Mortierella capitata,Mortierella elongata,Mortierella gamsii,Mortierella minutissima,Mortierella rishikesha,Mortierella sarnyensis,Mortierella sp.,Choanephora cucurbitarum,Cunninghamella echinulata,Mucor plumbeus,Rhizopus oryzae,Saksenaea trapezispora,Eustigmatos sp.,Lagenidium sp.,Globisporangium paroecandrum,Globisporangium sp.,Pythium acanthicum,Pythium aphanidermatum,Pythium oligandrum,Pythium sp.,Pythiogeton sp.
AZM03Y,0.0,0.0,0.0,0.0,0.0,1.0106642503659,0.0,0.0,0.8991426779117601,0.1951627517948,0.0,0.2927441276922,0.0,0.0,0.0,0.07667108106224299,0.0,0.0,0.17773750609884,0.0,0.0,0.0,0.93050812016449,0.0,0.0,0.0,0.0,0.0,0.0,0.55760786227086,0.10803652331498,0.0,0.0,0.0,0.041820589670314,0.0,0.0,0.30319927510978,0.0,6.293998745382299,0.0,4.0705373945773,0.0,0.0,0.09409632675820699,0.0,0.041820589670314,0.0,0.0,0.0,0.21955809576915,0.0,0.0,0.0,0.06621593364466401,0.0,0.25092353802189,0.087126228479822,0.0,0.0,1.6588833902558,0.0,0.0,0.0,0.0,0.0,0.0,0.0,0.0,0.0,0.0,0.0,0.0,0.0,0.0,0.0,0.0,0.0,0.0,1.9934481076183,0.0,2.9309263260612,0.0,8.3362375409493,0.0,0.0,0.069700982783857,0.99672405380916,0.0,0.0,0.059245835366279,0.0,0.052275737087893,0.0,0.42866104412072,0.0,0.0,0.13243186728933,0.69003972956019,0.0,0.35547501219767,0.0,1.3278037220325,0.0,0.0,0.0,0.059245835366279,0.0,0.0,0.0,0.0,0.0,4.4294974559141,0.0,0.0,0.0,0.0,0.0,0.0,0.0,14.999651495086,1.2929532306406,1.1814316581864,0.0,0.0,0.0,0.0,2.1084547292117,0.069700982783857,0.0,0.0,0.0,0.0,0.045305638809507,0.0,0.0,0.10455147417579,0.0,0.0,0.0,0.0,0.0,0.0,0.45305638809507,0.0,0.0,0.0,0.0,0.0,0.0,0.059245835366279,0.0,0.0,0.0,0.21607304662996,0.045305638809507,0.0,0.0,0.0,0.0,0.0,0.087126228479822,0.23698334146511,0.0,0.21258799749076,0.98975395553077,0.0,0.0,0.0,0.0,0.0,0.0,0.0,0.9549034641388401,0.0,0.0,0.0,0.0,0.0,0.0,0.0,0.11849167073256,0.0,0.0,0.42866104412072,0.47048163379104,0.0,0.0,0.0,0.08364117934062901,0.0975813758974,0.0,0.0,0.0,0.0,0.0,0.12894681815014,0.07667108106224299,0.0,0.0,0.0,0.0,0.0,0.0,0.0,0.0,0.0,0.0,0.0,0.0,0.0,0.0,0.0,0.0,0.0,0.0,0.0,0.15334216212449,0.63776399247229,0.20213285007319,0.0,0.20561789921238,0.0,0.0,0.0,0.0,0.0,0.0,0.0,0.0,0.0,0.041820589670314,0.0,0.0,0.0,0.0975813758974,0.0,0.0,0.0,0.09409632675820699,0.0,0.0,0.0,0.0,0.0,0.0,0.0,0.0,0.0,0.0,0.0,0.0,0.0,0.1463720638461,0.0,0.0,0.0,0.0,0.43563114239911,0.0,0.0,0.0,0.0,0.0,0.0,0.0,0.0,0.0,0.0,0.038335540531121,0.0,0.0,0.0,0.0,0.0,6.1685369763714,0.10106642503659,0.0,0.0,0.0,0.0,0.0,2.0910294835157,0.0,0.0,0.0,0.0,0.0487906879487,0.0,0.0,0.0,0.0,0.0,0.0,0.30668432424897,1.8052554541019,0.10455147417579
AZM03Z,0.0,0.0,0.0,0.0,0.0,0.0,0.040380473797559,0.0,0.0224335965542,0.0,0.0,2.3061737257717,0.0,0.0,0.0,0.040380473797559,0.0,0.0,0.0,0.0,0.0,0.0,0.056083991385499,0.26920315865039,0.0,0.0,0.0,0.0,0.0,0.0,0.053840631730079,0.0,0.089734386216798,0.0,0.0,0.0,0.0,0.0,0.0,0.0224335965542,0.035893754486719,0.0,0.065057430007179,0.0,0.0,0.0,0.080760947595118,0.076274228284279,0.0,0.053840631730079,5.606155778894499,0.0,0.031407035175879,0.0,0.26471643933955,0.0,0.74479540559943,0.038137114142139,0.0,0.0,0.051597272074659,0.0,0.32080043072505,0.0,0.0,0.0,0.0,0.0,0.0,0.0,0.44867193108399,0.0,0.0,0.0,0.0,0.0,0.051597272074659,0.0,0.0,0.044867193108399,0.55859655419957,0.15927853553482,0.0224335965542,1.2450646087581,0.0,0.5249461593682699,0.087491026561378,1.2046841349605,0.0,0.026920315865039,0.46886216798277,0.16376525484566,4.0874012921752,0.17722541277818,11.586952620244,0.0,0.0,0.0,0.0,0.12787150035894,0.45540201005025,0.10543790380474,0.0,0.0,0.0,0.0,0.0,0.25125628140704,1.9360193826274,0.0,0.0,0.0,0.30734027279253,0.0,0.0,0.0,0.0,0.0,0.044867193108399,0.056083991385499,0.7784458004307301,0.0,0.0,0.0,0.0,0.0,0.0,0.0,0.0,0.11889806173726,0.042623833452979,7.160804020100501,0.0,0.067300789662599,1.1710337401292,0.02467695620962,0.23106604450826,0.0,0.0,0.0,0.224335965542,0.11889806173726,0.0,0.0,0.0,0.040380473797559,0.029163675520459,0.0,0.0,0.0,0.091977745872218,0.0,0.0,0.098707824838478,0.0,0.0,0.0,0.0,0.0,0.0,0.0,0.0,0.0,0.0,0.0,0.026920315865039,0.0,0.0,0.0,0.0,0.21760588657574,0.18171213208902,0.0,0.078517587939698,0.0,0.0,0.033650394831299,0.0,3.5781586503948,0.0,0.047110552763819,2.0683776022972,0.22209260588658,0.0,0.54737975592247,0.0,0.031407035175879,0.0,0.0,0.0,0.042623833452979,0.0224335965542,0.17722541277818,0.0,0.0,0.0,0.074030868628859,0.0,0.112167982771,0.33426058865757,0.0,0.0,0.0,0.096464465183058,0.0,2.2792534099067,0.0,0.026920315865039,0.0,0.058327351040919,1.2091708542714,0.0,0.0,5.9942569992821,0.0,0.0224335965542,0.0,0.029163675520459,0.0,1.1373833452979,0.067300789662599,0.34099066762383,0.83452979181622,0.0,0.0,0.0,0.07178750897343901,0.0,0.30734027279253,0.044867193108399,21.132447954056,0.19517229002154,0.0,0.16600861450108,0.0,0.14133165829146,0.0,0.069544149318019,0.11441134242642,0.0,0.044867193108399,0.0,0.065057430007179,0.0,0.0,3.7464106245513,0.0,0.0,0.12114142139268,0.0,0.0,0.058327351040919,0.031407035175879,0.0,0.0,0.0,0.0,0.0,0.0,0.0,0.044867193108399,0.035893754486719,0.0,0.0,0.32304379038047,0.0,0.0,0.0,0.0,0.0,0.0,0.0,0.0,0.0,0.0,0.31407035175879,0.044867193108399,0.0,0.0,0.0,0.0,0.0,0.035893754486719,2.0683776022972,0.0,0.0,0.0,0.26920315865039,0.035893754486719,0.0,0.0,0.1458183776023,0.0,1.5613783201723,0.080760947595118,1.4200466618808,0.0
AZM040,0.0,0.0,0.0,0.0,0.0,2.58836186438,0.14872005822232,0.0,7.841027750529999,1.4302439641806,4.4616017466696,0.9049773755656101,0.0,0.069613644274278,0.0,0.0,0.0,0.066449387716356,2.4681201151789,0.0,0.0,0.55690915419422,0.43983166155112,1.6137708445401,0.32591842546594,0.037971078695061,0.0,0.031642565579217,1.7213555675094,4.2780748663102,0.12657026231687,0.0,0.24997626807582,0.0,11.024269847799,0.0,0.0,0.42401037876151,0.35439673448723,2.8858019808246,0.0,1.3764516026959,0.0,0.0,0.0,0.0,0.0,0.14239154510648,0.0,0.0,0.22782647217036,0.0,0.0,0.0,0.0,0.0,0.0,0.81321393538588,0.24997626807582,0.0,0.072777900832199,0.060120874600513,0.0,0.085434927063886,0.0,0.0,0.0,0.0,0.18669113691738,0.0,0.0,0.0,0.0,0.0,0.0,0.0,0.0,0.056956618042591,0.0,0.0,0.0,0.0,0.0,1.5283359174762,0.0,0.0,0.0,0.0,0.0,0.0,0.13922728854856,0.0,0.0,0.1170774926431,0.056956618042591,0.0,0.0,0.0,0.25314052463374,0.066449387716356,0.56007341075214,1.8447615732684,1.3986013986014,0.0,0.0,0.12340600575895,0.0,0.0,0.0,0.031642565579217,0.0,0.0,1.2910166756321,0.0,0.0,0.0,0.0,0.0,0.0,0.0,0.0,0.0,0.0,0.0,0.0,0.0,0.0,0.0,0.060120874600513,0.13922728854856,0.0,0.27212606398127,0.0,0.22466221561244,3.110464196437,0.037971078695061,0.28478309021295,0.0,0.0,0.066449387716356,0.0,0.1455558016644,0.11391323608518,0.0,0.0,0.1455558016644,0.0,0.22149795905452,0.0,0.0,0.0,0.0,0.0,0.0,0.047463848368826,0.12973451887479,0.0,0.0,0.0,0.0,0.0,0.085434927063886,0.25630478119166,0.0,0.0,0.09809195329557299,0.0,0.0,0.041135335252982,0.0,0.0,0.0,0.0,0.0,0.0,0.050628104926747,0.0,0.0,0.0,0.0,0.0,0.363889504161,0.0,0.42717463531943,1.2562098534949,0.0,0.0,0.0,0.0,0.066449387716356,0.066449387716356,0.0,0.23415498528621,0.0,0.053792361484669,0.12973451887479,0.0,0.0,0.0,0.0,0.0,0.11391323608518,0.066449387716356,0.0,0.0,0.0,0.0,0.0,0.0,0.0,0.2911116033288,0.0,0.0,0.0,0.0,0.0,0.0,0.0,0.16770559756985,0.30693288611841,0.14239154510648,11.505236844603,0.0,0.0,0.0,0.0,0.0,0.0,3.2496914849856,0.0,0.0,0.0,0.0,0.0,0.0,0.5980444894472,0.0,0.0,0.031642565579217,0.0,0.0,0.0,0.0,0.0,0.0,0.12340600575895,0.5537448976363001,0.0,0.24364775495997,0.0,0.0,0.053792361484669,0.16454134101193,0.16770559756985,0.0,0.0,0.0,0.0,0.47463848368826,0.0,2.3099072872829,0.0,0.0,0.0,0.0,0.0,0.0,0.0,0.0,0.0,0.0,0.082270670505965,0.082270670505965,0.0,0.0,0.44299591810904,0.82587096161757,0.0,0.0,0.0,0.0,0.0,1.2340600575895,0.0,0.066449387716356,0.0,0.0,0.069613644274278,0.0,0.0,0.0,0.0,1.1834319526627,0.1455558016644,0.37654653039268,5.8728601715027,0.32275416890802
AZM041,0.0,0.077408498106857,0.040387042490534,0.0,0.0,3.6583929322676,0.0,0.12284392090871,0.0,0.0,0.0,5.3950357593605,0.0,0.38872528397139,0.0,0.0,0.0,0.0,0.0,0.0,0.0,0.0,0.0,0.0,0.0,0.0,0.0,0.0,0.0,0.0,0.072360117795541,0.0,0.031973075305006,0.0,0.0,0.0,0.0,0.0,0.0,0.0,0.0,0.06058056373580099,0.0,0.0,0.0,0.0,0.17332772402188,0.0,0.0,0.021876314682373,4.2288599074464,0.0,0.02692469499369,0.0,0.0,0.0,0.0,0.13630626840555,0.10601598653765,0.0,0.0,0.0,0.72864955826672,0.10601598653765,0.0,0.0,0.0,0.0,0.13967185527976,0.0,0.05889777029869599,0.0,0.0,0.0,0.0,0.0,0.06226335717290701,0.0,0.0,0.05721497686158999,0.04206983592764,0.0,0.0,1.09886411443,0.0,1.864535128313,0.13798906184266,4.9861169541439,0.0,0.0,0.81447202355911,3.1602860748843,1.4118636937316,0.068994530921329,23.68026924695,0.030290281867901,0.0,0.0,0.16491375683635,0.0,0.92721918384518,0.40891880521666,0.0,0.0,0.0,0.0,0.09087084560370201,0.0,0.33487589398401,0.0,0.0,0.1514514093395,0.0,0.0,0.0,0.025241901556584,0.0,0.0,0.020193521245267,0.021876314682373,2.3138409760202,0.0,0.0,0.18342448464451,0.0,0.34497265460665,0.0,0.0,0.0,0.22717711400926,0.0,6.2128733697939,0.0,0.0,0.023559108119478,0.0,0.12789230122003,0.0,0.0,0.0,0.0,0.0,0.0,0.0,0.0,0.0,0.0,0.0,0.0,0.021876314682373,0.0,0.16323096339924,0.0,0.05889777029869599,0.0,0.079091291543963,0.0,0.0,0.0,0.0,0.0,0.0,0.0,0.0,0.0,0.0,0.0,0.0,0.0,0.0,0.0,0.025241901556584,0.0,0.0,0.0,0.0,0.068994530921329,0.0,1.2890197728229,0.028607488430795,0.0,2.2616743794699,0.033655868742112,0.12284392090871,0.99453092132941,0.0,0.0,0.25241901556584,0.0,0.0,0.0,0.0,4.1531342027766,0.0,0.0,0.0,0.29280605805637,0.0,0.50147244425747,0.2995372318048,0.048801009676062,0.0,0.0,0.0,0.074042911232646,4.351703828355101,0.0,1.6070677324358,0.0,0.0,0.49810685738326,0.0,0.0,0.0,0.0,1.0265039966344,0.0,0.0,0.0,0.24400504838031,0.0,0.19015565839293,0.0,0.0,0.0,0.0,0.0,0.0,0.0,0.0,0.0,0.0,0.0,0.043752629364745,0.0,0.18510727808162,0.0,0.067311737484224,0.35338662179218,0.0,0.0,0.0,0.0,0.14135464871687,0.0,0.89019772822886,0.0,0.0,0.0,0.0,0.0,0.0,0.067311737484224,0.050483803113168,0.0,0.0,0.0,0.0,0.0,0.0,0.080774084981069,0.22212873369794,0.033655868742112,0.0,0.0,0.0,0.0,0.0,0.0,0.0,0.0,0.0,0.0,0.0,0.0,0.34833824148086,0.070677324358435,0.0,0.0,0.0,0.0,0.0,0.0,3.7812368531763,0.033655868742112,0.0,0.11106436684897,0.17501051745898,0.0,0.0,0.0,0.54354228018511,0.0,2.3660075725705,0.0,2.2717711400926,0.0
AZM042,0.032192176191111,0.0,0.0,0.35966431330758,0.0,0.28750943563785,0.0,0.10545712890191,0.024421650903601,0.011100750410728,0.058833977176857,0.7948137294081101,0.0,0.05994405221793001,0.05217352693042,0.2120243328449,0.021091425780383,0.0,0.036632476355402,0.0,0.0,0.0,0.0,15.134763109986,0.0,0.0,0.0,0.029972026108965,0.0,0.0,0.0,0.0,0.32858221215754,0.12210825451801,0.0,0.0,0.0,0.0,0.0,0.018871275698237,0.07992540295724,0.2242351582967,0.0,0.0,0.0,0.12543847964122,0.17206163136628,0.12432840460015,0.18205230673594,0.08769592824474899,2.7940588783802,0.044403001642911,0.0,0.0,0.0,0.0,0.96465521069224,0.029972026108965,0.042182851560766,0.0,0.16207095599663,0.0,1.7805603658807,0.15874073087341,0.0,0.0,0.0,0.027751876026819,0.27862883530927,0.035522401314329,0.0,0.038852626437547,0.023311575862528,0.0,0.0,0.0,0.0,0.11211757914835,0.0,0.0,0.30638071133609,0.0,0.0,0.69934727587585,0.013320900492873,0.0,0.038852626437547,0.076595177834022,0.0,0.0,2.226810532392,0.05217352693042,0.25087695928245,0.12099817947693,2.1435549043115,0.0,0.0,0.043292926601838,0.065494427423294,0.0,0.64384352382221,0.39518671462191,0.39740686470405,0.056613827094712,0.0,0.046623151725057,0.015541050575019,0.16207095599663,0.061054127259003,0.0,0.0,0.0,0.16651125616092,0.0,0.15319035566804,0.0,0.0,0.049953376848275,0.0,0.042182851560766,0.27196838506283,0.28306913547356,0.014430975533946,0.0,0.0,0.062164202300075,0.0,0.0,0.064384352382221,0.48843301807202,0.0,0.12543847964122,0.0,0.047733226766129,0.36410461347187,0.025531725944674,0.6260823231650501,0.32747213711647,0.0,0.0,0.0,0.067714577505439,0.034412326273256,0.0,0.0,0.15763065583233,0.0,0.047733226766129,0.3097109364593,0.0,0.0,0.083255628080458,0.016651125616092,0.0,0.09213622840904,0.13653923005195,0.0,0.0,0.0,0.0,0.0,0.04884330180720201,1.1211757914835,0.0,0.012210825451801,2.1590959548866,0.0,0.058833977176857,0.05217352693042,0.01998135073931,0.042182851560766,3.3535366990809,0.047733226766129,0.04884330180720201,0.11100750410728,0.068824652546512,0.0,0.094356378491186,1.2233026952622,0.014430975533946,0.044403001642911,1.1988810443586,0.13320900492873,0.13542915501088,2.3511389369921,0.016651125616092,0.1631810310377,0.0,0.047733226766129,0.0,0.05994405221793001,0.10656720394299,0.34190311265042,0.0,0.0,0.0,0.13764930509302,0.0,0.16207095599663,2.1269037786954,0.044403001642911,0.063274277341148,0.0,0.032192176191111,0.063274277341148,0.59611029705608,0.011100750410728,0.047733226766129,0.0,0.21535455796812,1.9759335731095,0.0,0.018871275698237,0.014430975533946,0.018871275698237,1.3609520003552,0.0,0.021091425780383,0.0,3.6699080857866,0.03996270147862,14.032458594201,6.904666755472701,0.038852626437547,0.018871275698237,0.10878735402513,0.0,0.043292926601838,0.1265485546823,0.0,0.0,0.0,0.0,0.41405799032015,0.0,0.095466453532259,0.33635273744505,0.4606811420452,0.8858398827760801,0.0,0.0,0.0,0.0,0.031082101150038,0.0,0.0,0.29527996092536,0.0,0.16207095599663,0.0,0.0,0.0,0.20869410772168,0.0,0.0,0.0,0.0,0.0,0.069934727587585,0.0,0.07215487766973,0.034412326273256,1.3898139514231,0.10656720394299,0.20092358243417,0.01998135073931,0.0,0.028861951067892,0.0,0.0,0.032192176191111,0.016651125616092,0.0,0.0,0.09213622840904,0.46734159229164,0.56613827094712,0.094356378491186,0.0,0.073264952710803,0.10101682873762,0.029972026108965,1.6362506105413,0.0,0.047733226766129,0.0,0.0,0.0,0.0,0.0,0.0,0.044403001642911,0.0,0.0,2.8473424803517,0.87473913236535,0.0
AZM043,0.0,0.0,0.0,0.0,0.0,0.63353876653881,0.0,0.0,1.0041804939017,1.6937464982976,0.5602723785717401,0.094815325604448,0.0,0.0,0.0,0.0,0.0,0.047407662802224,1.7756324613197,0.0,0.0,1.5773822350558,0.0,0.53010386587941,1.0602077317588,0.0,0.0,0.0,0.0,0.24996767659354,0.0,0.0,0.12498383829677,0.0,0.0,0.0,0.31461448950567,0.0,0.0,0.1896306512089,0.0,0.15946213851657,0.0,0.0,0.0,0.0,0.0,0.0,0.0,0.0,0.22410895142869,0.0,0.0,0.0,0.0,0.0,0.0,0.172391501099,0.081885963022023,0.0,0.05602723785717401,0.1206740507693,0.0,0.081885963022023,0.0,0.0,0.0,0.0,0.18532086368142,0.0,0.0,0.0,0.060337025384649,0.0,0.0,0.0,0.0,0.39219066500022,0.0,0.0,0.59906046631901,0.42666896522001,0.0,0.0,0.0,0.0,0.0,0.0,0.0,0.0,0.31030470197819,0.0,0.043097875274749,0.24134810153859,0.0,0.0,0.0,0.0,0.30168512692324,0.0,0.8059302676378101,1.7670128862647,0.63353876653881,0.0,0.0,0.0,0.0,0.36202215230789,0.060337025384649,0.0,0.051717450329699,0.0,2.0773175882429,0.0,0.0,0.0,0.0,0.0,0.0,0.0,0.32323406456062,0.0,0.0,0.0,0.0,0.0,0.0,0.0,0.0,0.18532086368142,0.0,0.0,0.0,0.45683747791234,6.0854199887946,0.0,0.21117958884627,0.0,0.0,0.0,0.0,0.52148429082446,1.6678877731328,0.19825022626385,0.0,0.22410895142869,0.0,0.1034349006594,0.0,0.0,0.0,0.0,0.0,0.0,0.0,0.0,0.0,0.23703831401112,0.0,0.0,0.0,0.0,0.20686980131879,0.1379132008792,0.0,0.1379132008792,0.0,0.0,0.11636426324182,0.0,0.0,0.0,0.0,0.0,0.0,0.0,0.0,0.0,0.0,0.0,0.0,0.35771236478042,0.26720682670344,0.0,0.73697366719821,0.0,0.0,0.0,0.047407662802224,0.0,0.0,0.0,0.073266387967073,0.0,0.0,0.0,0.0,0.0,0.0,0.0,0.0,0.064646812912123,0.064646812912123,0.0,0.0,0.0,0.0,0.0,0.0,0.0,0.06895660043959799,0.0,0.0,0.0,0.0,0.0,0.0,0.0,0.0,0.23703831401112,0.0,8.8221350687411,0.0,0.0,0.0,0.0,0.0,0.0,1.0214196440116,0.0,0.0,0.0,0.0,0.0,0.0,0.1034349006594,0.0,0.0,0.0,0.0,0.0,0.043097875274749,0.0,0.0,0.0,0.0,0.0,0.0,0.0,0.0,0.0,0.0,0.48700599060466,0.10774468818687,0.073266387967073,0.094815325604448,0.043097875274749,0.0,0.12929362582425,0.0,0.16808171357152,0.34909278972547,0.0,0.0,0.0,0.0,0.05602723785717401,0.0,0.0,0.0,0.0,0.077576175494548,0.0,0.0,0.0,0.28444597681334,6.1974744645089,0.0,0.0,0.0,0.23703831401112,0.0,0.5085549282420401,0.0,0.0,0.0,0.0,0.0,0.0,0.0,0.0,0.0,0.21979916390122,0.090505538076973,0.46976684049476,44.5804421842,0.26289703917597
AZM044,0.6673386396023799,0.093844496194084,0.0,0.0,0.0,0.0,0.0,0.23287337944458,0.0,0.0,0.0,1.550172048243,0.0,0.0,0.0,0.08689305203156,0.0,0.0,0.0,0.0,0.0,0.0,0.0,0.0,0.0,0.0,0.0,0.0,0.05213583121893599,0.42403809391401,0.25720343401342,0.0,0.17378610406312,0.0,0.0,0.0,0.12165027284418,0.0,0.0,0.0,0.041708664975149,0.0,0.0,0.0,0.0,0.062562997462723,0.0,1.8768899238817,0.0,0.17031038198186,17.322998853012,0.0,0.0,0.0,0.0,0.0,0.3788537068576,0.0,0.0,0.0,0.0,0.0,2.6485002259219,0.11817455076292,0.0,0.0,0.0,0.0,0.0,0.0,1.390288832505,0.0,0.0,0.0,0.0,0.0,0.23634910152584,0.034757220812624,0.0,0.0,0.20506760279448,0.0,0.0,0.0,0.0,0.069514441625248,0.16335893781933,1.3312015571235,0.0,0.0,0.079941607869035,1.0218622918911,1.9185985888568,0.22939765736332,15.849292690556,0.048660109137673,0.0,0.0,0.0,0.10427166243787,1.5779778248931,1.5049876611866,0.048660109137673,0.0,0.0,0.18073754822564,0.0,0.041708664975149,0.60825136422092,0.0,0.041708664975149,0.30933926523235,0.0,0.0,0.0,0.041708664975149,0.0,0.0,0.048660109137673,0.1390288832505,1.8803656459629,0.0,0.06603871954398499,0.0,0.0,0.17378610406312,0.0,0.0,0.0,0.0,0.0,1.8178026485002,0.0,0.0,0.0,0.0,1.1643668972229,0.0,0.0,0.13555316116923,0.21897049111953,0.0,0.0,0.0,0.0,0.0,0.0,0.0,0.0,0.0,0.0,0.21897049111953,0.0,0.0,0.0,0.15293177157554,0.0,0.0,0.0,0.0,0.0,0.0,0.74728024747141,0.0,0.0,0.31281498731361,0.0,0.0,0.0,0.0,0.0,0.0,0.0,0.0,0.0,0.0,0.0,0.0,0.28153348858225,0.0,0.0,0.23634910152584,0.12512599492545,0.0,8.397344548329901,0.1112231066004,0.18768899238817,0.34409648604498,0.13555316116923,0.0,0.0,0.0,0.14250460533176,0.0,0.034757220812624,0.0,0.0,0.0,0.3788537068576,0.36147509645129,0.0,0.0,0.0,0.048660109137673,0.097320218275347,2.2001320774391,0.0,1.1018038997602,0.062562997462723,0.0,1.126133954329,0.0,0.0,0.034757220812624,0.0,2.3078794619582,0.05561155330019801,0.0,0.0,0.0,0.18073754822564,0.4066594835077,0.37537798477634,0.0,0.0,0.0,0.0,0.0,0.19811615863196,0.0,3.1107712627298,0.0,0.3788537068576,0.097320218275347,0.0,0.28500921066352,0.0,0.22592193528205,0.41013520558896,0.0,0.0,0.0,0.0,0.0,0.0,0.093844496194084,0.20854332487574,0.0,0.06603871954398499,0.0,0.10427166243787,0.0,0.6291056967084899,0.059087275381461,0.0,0.0,0.0,0.0,0.0,0.0,0.33714504188245,0.10774738451913,0.0,0.0,0.17378610406312,0.0,0.61172708630218,0.0,0.0,0.0,0.0,0.0,0.0,0.0,0.0,0.07299016370651,0.28848493274478,0.0,0.15988321573807,0.0,0.0,0.0,0.0,0.0,0.079941607869035,0.0,0.0,0.10774738451913,0.0,0.0,0.0,0.9036877411282199,0.2676306002572,1.5536477703243,0.0,3.934517395989,0.0
AZM045,0.0,0.0,0.0,0.0,0.0,0.19585712388793,0.0,0.0,0.1029079803479,0.0,0.0,0.099588368078608,0.0,0.0,0.0,0.0,0.0,0.0,0.11286681715576,0.0,0.0,7.565396361705,0.0,0.0,0.0,0.0,0.0,0.0,0.0,0.0,0.0,0.073031469924313,0.34523967600584,0.0,1.122028947019,0.0,0.09626875580932101,0.0,0.0,3.2100650644005,0.0,0.0,0.0,0.0,0.0,0.0,0.0,0.54441641216306,0.0,0.0,2.7353605098924,0.0,0.0,0.0,0.0,0.0,0.0,0.34855928827513,0.0,0.0,0.0,0.0,0.0,0.0,0.0,0.0,0.0,0.0,0.0,0.0,0.0,0.0,2.4731111406188,0.089629531270748,0.21577479750365,0.24897092019652,0.0,0.0,0.0,0.0,0.0,0.053113796308591,0.0,0.089629531270748,0.0,0.0,0.0,0.0,0.0,0.0,0.06971185765502601,0.0,0.21909440977294,0.0,0.0,0.0,0.0,0.0,0.6340459434338099,0.0,0.20913557296508,0.0,0.09626875580932101,0.0,0.0,0.033196122692869,0.0,0.53777718762449,0.0,0.0,0.056433408577878,0.0,1.2913291727526,0.0,0.0,0.0,0.57097331031735,0.0,0.0,0.0,0.49462222812376,0.0,0.0,0.0,0.34192006373656,0.0,0.30208471650511,0.0,0.0,0.0,0.0,0.0,0.0,0.57761253485593,0.71703625016598,0.0,0.056433408577878,0.039835347231443,0.0,0.0,0.0,0.039835347231443,0.24565130792723,0.0,2.429956181118,0.38839463550657,0.0,0.0,0.0,0.0,0.0,0.0,0.0,0.0,0.0,0.0,0.036515734962156,0.0,0.0,0.0,1.6498472978356,0.0,2.6922055503917,0.0,0.0,0.75023237285885,0.4581064931616,0.04315495950073,0.32200239012083,0.0,3.1270747576683,0.15934138892577,0.0,0.0,0.0,0.0,0.0,0.0,0.0,0.0,0.0,0.35851812508299,0.0,0.0,1.1054308856726,0.0,0.0,0.0,0.0,0.34855928827513,0.66392245385739,0.0,0.0,0.0,0.0,0.0,0.0,0.0,0.0,0.0,0.0,0.0,0.082990306732174,0.0,0.0,0.0,0.0,0.0,0.0,0.0,0.0,0.0,0.036515734962156,0.0,0.13942371531005,0.0,0.0,0.23901208338866,2.0216438719958,0.0,0.0,0.0,0.0,0.0,0.0,0.049794184039304,0.0,0.0,1.6930022573363,0.0,0.0,0.0,0.0,0.0,0.0,1.90877705484,0.0,0.0,0.0,0.0,0.0,0.0,0.0,0.0,0.0,0.0,0.0,0.0,0.0,0.0,0.0,0.0,0.04315495950073,0.0,0.0,0.0,0.0,0.0,0.45146726862302,0.0,0.063072633116452,0.05975302084716499,0.24897092019652,0.0,0.0,0.0,0.0,0.0,0.4348692072765901,0.0,0.0,0.0,0.12282565396362,0.0,0.0,0.0,0.033196122692869,0.0,0.0,0.0,0.0,0.18257867481078,0.1527021643872,0.0,0.0,0.0,0.0,0.0,0.0,0.0,0.17593945027221,0.0,0.0,0.0,0.0,4.7603239941575,0.0
AZM046,0.0,0.0,0.074233716475096,0.0,0.0,0.023946360153257,0.0,0.031130268199234,0.14128352490421,1.1997126436782,0.45977011494253,0.0,0.0,0.0,0.0,0.043103448275862,0.0,0.0,18.647030651341,0.026340996168582,0.026340996168582,0.026340996168582,0.0,0.059865900383142,0.0,0.0,0.0,0.25622605363985,0.0,0.32088122605364,0.05028735632183901,0.32088122605364,0.30890804597701,0.0,0.0,0.0,0.0,0.0,0.0,0.28735632183908,0.0,0.0,0.0,0.0,0.0,0.0,0.0,0.30651340996169,0.0,0.045498084291188,11.918103448276,0.0,0.0,0.0,0.0,2.5981800766284,1.0153256704981,0.0,0.0,0.0,0.64176245210728,0.0,0.0,0.0,0.0,0.0,0.0,0.0,0.12452107279693,0.0,1.9348659003831,0.0,0.0,0.0,0.0,0.0,0.0,0.0,0.0,0.0,6.0009578544061,0.0,0.0,0.095785440613027,0.0,0.0,0.27538314176245,0.17480842911877,0.0,0.0,2.7274904214559,0.0,0.21072796934866,0.0,4.6048850574713,0.0,0.0,0.0,0.043103448275862,0.0,1.4990421455939,0.56513409961686,0.14367816091954,0.0,0.0,0.0,0.3544061302682,0.48850574712644,0.67289272030651,0.0,0.0,0.0,2.294061302682,0.026340996168582,0.0,0.0,0.4477969348659,0.0,0.033524904214559,0.3448275862069,3.2998084291188,0.0,0.21791187739464,0.023946360153257,0.0,0.059865900383142,0.0,0.0,0.0,1.5397509578544,0.0,0.093390804597701,0.0,0.0,0.13888888888889,0.0,6.5924329501916,0.0,0.0,0.0,0.0,0.0,0.0,0.0,0.0,0.038314176245211,0.0,0.0,0.0,0.0,0.0,0.0,0.059865900383142,0.0,0.0,0.12212643678161,0.0,0.16283524904215,0.0,0.0,0.0,0.0,0.20114942528736,0.0,0.047892720306513,0.21072796934866,0.0,0.0,0.0,0.0,0.0,0.45977011494253,0.0,0.59386973180077,0.0,0.0,0.44300766283525,0.0,0.0,0.0,0.0,0.0,0.0,0.0,1.2404214559387,0.0,0.0,0.0,0.0,0.0,0.12212643678161,0.0,0.0,0.038314176245211,0.026340996168582,0.026340996168582,0.0,0.0,0.0,0.0,0.1963601532567,0.0,0.08860153256705,0.08381226053639801,0.033524904214559,5.2274904214559,0.0,0.0,0.0,0.0,0.10536398467433,0.0,0.0,0.0,0.06465517241379301,0.0,0.040708812260536,0.0,0.0,0.5531609195402301,0.0,1.3050766283525,1.0536398467433,0.0,0.0,0.0,0.0,0.0,0.1963601532567,0.0,0.1963601532567,0.0,0.0,0.0,0.0,0.21312260536398,0.0,0.30890804597701,0.35201149425287,0.0,0.0,0.0,0.0,0.0,0.0,0.0,0.12691570881226,0.0,0.16522988505747,0.031130268199234,0.0,0.0,0.6704980842911901,0.16044061302682,0.22749042145594,0.0,0.0,0.0,5.2083333333333,0.0,0.51963601532567,0.29693486590038,0.023946360153257,0.0,0.0,0.0,0.0,0.0,0.07183908045977,0.0,0.0,0.0,0.0,0.0,0.0,0.25862068965517,0.07183908045977,0.0,0.0,0.0,0.0,0.0,0.0,0.0,0.0,0.0,0.0,0.0,0.0,0.0,0.0,0.093390804597701,0.0,0.0,0.0,0.53400383141762,0.074233716475096
AZM047,0.0,0.081815745299121,0.0,0.0,0.0,0.047255645991734,0.0,0.016222087429998,0.052898111184777,0.0,0.0,6.890860617003599,0.0,0.0,0.0,0.01974862817565,21.367310377904,0.0,0.007053081491303599,0.0,0.0,0.0,0.0,0.75961687661339,0.0,0.0,0.033854791158257,0.0,0.3068090448717,0.028212325965214,0.048666262289994,0.0,0.035970715605648,0.062067117123471,0.0,0.0,0.0,0.0,0.0,0.029622942263475,0.3089249693191,0.12836608314172,0.13612447278216,0.0,0.0,0.0,0.0,0.31950459155605,0.0,0.0,4.6395170049795,0.0,0.0,0.0,0.0,0.0,0.25179500923954,0.0,0.0,0.007053081491303599,0.01904332002652,0.0,1.0572569155464,0.0,0.0,0.0,0.0,0.0,1.9106797759941,0.0,1.4733887235333,0.0,0.0,0.0,0.0084636977895643,0.0,0.0,0.058540576377819,0.0,0.0,0.98531548433511,0.015516779280868,0.047960954140864,0.23063576476563,0.0,0.14388286242259,0.011990238535216,0.3484222256704,0.0,0.0,0.7758389640433899,0.72011962026209,1.3824039722955,0.32585236489822,5.7828215147198,0.0,0.0,0.0,0.08463697789564299,0.0,0.49371570439125,0.052898111184777,0.0,0.0,0.044434413395212,0.016927395579129,0.010579622236955,0.094511291983468,1.0763002355729,0.0,0.0,0.016222087429998,0.0091690059386946,0.0,0.043729105246082,0.067709582316514,0.0,0.0,0.0,0.11496522830825,0.3858035575743,0.0,0.057129960079559,0.18902258396694,0.011990238535216,0.02045393632478,0.0,0.0,0.0,0.027507017816084,0.029622942263475,5.1085469241512,0.0,0.012695546684346,1.7632703728259,0.0,1.2596803543468,0.0,0.0,0.029622942263475,0.11708115275564,0.0,0.0,0.0,0.0077583896404339,0.010579622236955,0.0,0.011284930386086,0.0,0.0,0.20594997954606,0.39920441240778,0.0,0.15446248465955,0.01904332002652,0.16574741504563,0.0,0.0,0.023980477070432,0.0,0.0,0.0,0.70953999802514,0.0,0.014811471131737,0.34489568492474,0.0,0.06912019861477499,0.0,0.0,0.0,0.37522393533735,0.11990238535216,0.07758389640433899,0.33149483009127,0.0,0.016222087429998,0.0,1.4903161191124,0.011990238535216,5.9267043771424,2.7803247238719,0.16645272319476,0.028212325965214,2.7852618809158,0.0,0.049371570439125,0.0,0.0,0.0,0.011284930386086,0.007053081491303599,0.24967908479215,0.0,0.010579622236955,0.007053081491303599,0.79981944111382,0.0,0.0,0.14740940316824,0.0,0.0,0.007053081491303599,0.043023797096952,0.03314948300912701,1.5784796377537,0.096627216430859,0.47537769251386,0.022569860772171,0.29058695744171,0.6947285268934,0.0,0.0,0.01974862817565,0.0,2.1920977274971,0.033854791158257,0.0,0.0,2.1822234134093,0.0,0.77724958034165,1.3210421633212,0.0,0.0,0.0,0.015516779280868,0.0,0.014106162982607,0.0,0.52545457110211,0.35900184790735,0.0,0.12413423424694,0.0,0.31950459155605,0.031738866710866,0.15516779280868,0.38157170867952,0.014811471131737,0.10438560607129,0.0,0.0,0.0,0.0,0.0,0.14247224612433,0.4302379709695199,0.035970715605648,0.0,0.011990238535216,0.031738866710866,0.030328250412605,0.36111777235474,0.0,0.0,0.0,0.17703234543172,0.0,0.0,0.097332524579989,0.04020256450043,0.0,0.0,0.0,0.0,0.0,0.0,0.0,0.0,0.0,0.023275168921302,0.0,1.287892680312,0.023275168921302,0.40696280204821,0.2299304566165,0.0,0.0,0.0,0.0,0.0,0.24051007885345,0.0,0.076173280106078,0.0,0.012695546684346,0.01904332002652,0.0,0.0,0.0,0.0,0.0,2.764807944591,0.22710922401997,0.79276635962252,0.0
AZM048,0.0,4.6692252650751,0.0,0.0,0.0,0.03772848500618,0.0,0.065699603200416,0.012359331295128,0.0,0.0,2.2552527158004,0.0,0.0,0.01366031353672,0.0071554023287582,18.311975541534,0.0,0.0,0.0,0.008456384570350601,0.0,0.039029467247772,0.35126520522995,0.0,0.0,0.0,0.0,0.0,0.020165224744682,0.07025304104599,0.0,0.033175047160606,0.0,0.0,0.0,0.0,0.0,0.0,0.0,0.0,0.020165224744682,0.0,0.1717296558902,0.0,0.045534378455734,0.065699603200416,0.0,0.0,0.0,1.0362323554283,0.0,0.0,0.0,0.04618486957653,0.088466792428283,0.39029467247772,0.01886424250309,0.0,0.0,1.0459897222403,0.019514733623886,1.0772132960385,0.0,0.0,0.19579782735966,0.0,0.0,0.0,0.0,0.07025304104599,0.0,0.0,0.0,0.0,0.0,0.014310804657516,0.054641254146881,0.0,0.0,0.5119365120666101,0.026019644831848,0.11513692838093,0.51714044103298,0.0,0.59715084889091,0.0,2.2747674494243,0.0,0.0,2.1726403434593,0.0,2.3040395498601,0.019514733623886,6.466532231835,0.01366031353672,0.05919469199245399,0.0,0.042281922851753,0.0,0.92239640928901,0.035777011643791,0.0,0.0,0.0,0.0,1.1559227216548,0.0,0.07025304104599,0.0,0.0,0.0,2.1114941781045,0.0,0.007805893449554399,0.0,0.07285500552917501,0.0,0.0,0.050087816301307,0.90223118454433,0.20685617641319,0.0,0.0,0.0,0.040980940610161,0.0,0.0,0.0,2.2422428933845,0.0,10.973134716711,0.006504911207962,0.011708840174332,1.1916997332986,0.0,0.28101216418396,0.0,0.0,0.0,0.0,0.21336108762115,0.0,0.0,0.0,0.0,0.01366031353672,0.0,0.0,0.0,0.076107461133156,0.0,0.0,0.010407857932739,2.4360892473818,0.0513887985429,0.0,0.0,0.0,0.0,0.0,0.0,0.15937032459507,0.0,0.0,0.10147661484421,0.0,0.0,0.0,0.0,0.0,0.13400117088402,0.0,0.0,0.0,0.0,0.0,0.0,1.8883757236714,0.0,4.4181356924478,0.33955636505562,1.6080140506082,0.2224679633123,1.812918753659,0.0,0.03252455603981,0.0,0.0,0.0,0.0,0.0,0.01886424250309,0.0,0.0,0.0,0.010407857932739,0.0,0.011058349053535,0.022767189227867,0.29857542444546,0.042281922851753,0.0,0.0,0.031874064919014,0.026019644831848,0.014961295778313,0.0,0.0,0.010407857932739,0.47290704481884,0.016912769140701,0.0,0.018213751382294,0.0,2.1108436869837,0.0,0.0,0.0,8.3588109022312,0.0,0.7792883627138499,0.0071554023287582,0.0,0.0,0.0,0.0,0.0,0.16977818252781,0.014961295778313,0.09822415924022601,0.0,0.0,0.060495674234047,0.0,0.057243218630066,0.015611786899109,0.022116698107071,0.022767189227867,0.0,0.02732062707344,0.0,0.024068171469459,0.0091068756911468,0.0,0.013009822415924,0.06895205880439699,0.0,0.0,0.0,0.0,0.0,0.060495674234047,0.0091068756911468,0.0,0.0,0.0,0.0,0.0,0.0,0.05529174526767699,0.014961295778313,0.0,0.0,0.0,0.0,0.0,0.0,0.0,0.0,0.0,0.0,0.0,0.0,0.0,0.0,0.9998048526637601,0.0,0.0,0.0,0.0,0.0,0.15221492226631,0.23677876796982,0.45144083783256,0.0,0.0,0.012359331295128,0.0,0.034476029402199,0.0,0.0,0.0,3.1321147466337,0.89702725557796,1.1058349053535,0.0
AZM049,0.0,0.4092118825285,0.0,0.0,0.0,4.3997969324493,0.0,0.036921372859714,1.8999123117395,0.036921372859714,0.43074935003,1.0137993631063,0.0,0.0,0.0,4.473639678168699,0.0,0.23383536144486,4.809008814977799,0.029229420180607,0.0215374675015,25.078842514961,0.5384366875375,0.20460594126425,0.0,0.0,0.11230250911496,0.0,0.0,0.036921372859714,0.041536544467178,2.2598956971217,0.90611202559882,0.08922665107764301,0.71535159915696,0.0,0.0,0.08922665107764301,0.12307124286571,3.4183037705952,0.0,0.0,0.0,0.0,0.0,0.05076688768210701,0.0,0.044613325538821,0.0,0.0,5.8520375982647,0.0,0.0,0.0,0.0,0.0,0.23383536144486,3.0552436041413,0.015383905358214,0.0,0.0,0.0,3.1398550836115,0.0,0.0,0.0,0.0,0.0,0.066150793040321,0.0,0.036921372859714,0.0,0.42767256895836,1.6291555774349,0.10153377536421,0.055382059289571,0.018460686429857,0.0,0.0,0.0,0.0,0.078457917326893,0.0,0.0,0.0,0.10614894697168,0.038459763395536,0.16306939679707,0.0,0.023075858037321,0.059997230897036,0.21383628447918,0.041536544467178,0.13845514822393,0.06153562143285701,0.0,0.0,0.0,0.0,0.0,0.25537282894636,3.5521437472117,0.095380213220928,0.0,0.0,0.0,0.0,0.87534421488239,0.0,0.0,0.0,0.0,0.018460686429857,0.0,0.0,0.0,0.0,0.0,0.0,0.079996307862714,0.27537190591203,0.0,0.0,0.0,0.0,0.0,0.0,0.0,0.0,0.0,0.027691029644786,0.9384182268510699,0.0,0.016922295894036,0.23537375198068,0.0,0.66612310201068,0.0,0.0,0.0,0.043074935003,0.0,0.0,0.0,0.0,0.039998153931357,7.2088980508592,0.052305278217928,0.0,0.0,0.0,0.0,0.0,0.0,0.0,0.0,0.03230620125225,0.0,0.0,0.0,0.0,0.0,0.22460501822993,0.26921834376875,0.0,0.041536544467178,0.0,0.0,0.0,0.0,0.0,0.0,0.030767810716428,0.0,0.0,0.0,0.0,0.0,0.067689183576143,0.0,0.0,1.1599464640094,0.0,0.13999353875975,0.70919803701368,0.0,0.0,0.28921742073443,0.0,0.043074935003,0.17537652108364,0.0,0.10614894697168,0.0,0.0,0.093841822685107,0.049228497146286,0.0,0.0,0.27844868698368,0.0,0.0,0.38305924341953,0.0,0.0,2.1014414719321,0.0,0.8784209959540301,0.067689183576143,0.0,0.036921372859714,0.0,0.016922295894036,0.0,0.14922388197468,1.0476439548944,0.0,0.0,0.0,0.026152639108964,0.0,0.046151716074643,0.18922203590604,0.0,0.0,0.0,0.0,0.0,0.34152269895236,0.0,0.0,0.0,0.0,0.023075858037321,0.0,1.0245680968571,0.0,0.7199667707644299,0.62766333861514,0.0,0.0,0.0,0.0,0.0,0.0,0.0,0.0,0.0,0.63381690075843,0.0,0.0,0.0,0.0,0.047690106610464,0.0,0.0,0.0,0.0,0.0,0.0,0.03230620125225,0.0,0.0,0.0,0.0,0.0,0.0,0.0,0.129224805009,0.0,0.0,0.018460686429857,0.049228497146286,0.0,0.0,0.035382982323893,0.084611479470178,0.0,0.0,0.0,0.0,0.0,0.11537929018661,0.0,0.0,0.0,0.0,0.0,0.0,0.0,0.0,0.0,0.0,0.18768364537021,0.0,0.027691029644786,0.0
AZM04A,0.0,0.0435544933719,0.046904839015892,0.0,0.0,1.4752688652379,0.0,0.0,0.17086762784361,0.0290363289146,0.039087365846577,2.1821917961203,0.023452419507946,0.49250080966686,0.12284600694638,0.43442815183766,0.0,0.011167818813308,0.36630445707649,0.0,0.027919547033269,5.4141585606915,1.0620595691456,0.011167818813308,0.0,0.16640050031828,0.013401382575969,0.0,0.0,0.037970583965246,0.025685983270607,0.41097573232972,0.045788057134561,0.0,0.8632723942686801,0.016751728219961,0.0,0.08375864109980699,0.033503456439923,2.6378388037032,0.0,0.52488748422546,0.051371966541215,0.0,0.0,0.0,0.0,0.81748433713411,0.0,0.0,2.8489105792748,0.0,0.0,0.0,0.0,0.0,0.24569201389277,5.003182828361799,0.7415431692036201,0.0,0.0,0.0,0.0,0.0,0.0,0.0,0.064773349117184,0.0,0.0,0.0,0.0,0.0,1.320036183733,0.027919547033269,0.065890130998515,0.28031225221402,0.0,0.0,0.0,0.0,0.0,0.034620238321253,0.0,0.0,0.0,0.0,0.0,0.0,0.0,0.0,0.0,0.0,0.21107177557151,0.0,0.0,0.0,0.0,0.0,0.15858302714897,0.0,0.058072657829199,0.0,0.0,0.0,0.0,0.0,0.0,0.92022827021654,0.0,0.018985291982623,0.0,0.0,0.13401382575969,0.0,0.0,0.0,24.325742939147,0.0,0.0,0.0,0.2579766145874,0.0,0.0,0.0,0.0,0.0,0.018985291982623,0.0,0.0,0.0,0.0,0.0,0.28031225221402,0.039087365846577,0.37858905777113,0.0,0.012284600694638,0.0,0.0,0.0,0.0,0.013401382575969,0.034620238321253,0.0,1.4183129892901,0.1161453156584,0.0,0.04467127525323,0.0,0.0,0.0,0.0,0.0,0.0,0.0,0.0,0.03015311079593,0.0,0.0,0.0,0.082641859218476,0.0,0.62874819918922,0.0,0.0,0.0,0.021218855745284,0.031269892677261,0.08375864109980699,0.0,3.3213093150777,0.13959773516634,0.0,0.0,0.0,0.0,0.0,0.0,0.0,0.0,0.0,1.1491685558893,0.0,0.0,0.58407692393599,0.0,0.0,0.0,0.0,0.24234166824877,0.35513663826318,0.0,0.0,0.0,0.060306221591861,0.016751728219961,0.0,0.0,0.0,0.0,0.0,0.0,0.0,0.0,0.0,0.0,0.0,0.0,0.0,0.0,0.0,0.0,0.011167818813308,0.0,0.0145181644573,0.0,0.0,0.046904839015892,0.23340741319813,0.13289704387836,0.0,0.039087365846577,0.0,0.0,0.0,0.20772142992752,0.0,0.0,1.5266408317791,0.0,0.0,0.0,0.0,0.0,0.0,0.77951375316887,0.0,0.031269892677261,0.069240476642507,0.0,0.0,0.0,0.0,0.0,0.0,0.0,0.016751728219961,0.0,0.0,0.0,0.0,0.0,0.024569201389277,0.0,0.0,0.0,0.0,0.015634946338631,0.0,0.0,0.039087365846577,0.026802765151938,0.0,0.0,0.0,0.0,0.012284600694638,0.0,0.23340741319813,0.0,0.0,0.0145181644573,0.054722312185207,0.0,0.0,0.0,0.0,0.0,0.0,0.0,0.049138402778553,0.0,0.0,0.0,0.0,0.0,0.0,0.0,0.0,0.0,0.0,0.0,0.0,0.0,0.0,5.376187976726301,0.0
AZM04B,0.95249968831816,0.12467273407306,0.0,0.0,0.0,0.9076175040518599,0.016623031209741,0.088933216972115,0.11885467314965,0.0,0.011636121846819,1.8451564642813,0.010804970286332,0.063998670157503,0.0706478826414,0.11636121846819,0.02244109213315,0.0,0.0,0.0,0.0,0.010804970286332,0.0,3.842413664131699,0.0,0.0,0.0,0.0,0.015791879649254,0.059842912355068,0.054856002992146,0.039895274903379,0.24934546814612,0.0,0.0,0.0,0.0,0.0,0.0,0.0,0.44632838798155,0.031583759298508,0.027428001496073,0.0,0.0,0.0,0.051531396750197,0.22357976977102,0.0,0.0,1.8193907659062,0.051531396750197,0.032414910858995,0.0,0.014960728088767,0.0,0.13880231060134,0.063167518597016,0.010804970286332,0.0,0.089764368532602,0.0,0.10971200598429,0.1346465527989,0.017454182770228,0.0,0.0,0.0,0.044882184266301,0.024103395254125,0.77130864813199,0.017454182770228,0.014960728088767,0.015791879649254,0.010804970286332,0.0,0.066492124838964,0.33744753355774,0.0,0.0,10.588039729045,0.04405103270581399,0.0,0.19532061671446,0.0,0.25267007438806,0.034908365540456,1.4237626231143,0.0,0.043219881145327,2.9763537381041,0.0,0.15708764493205,0.22524207289199,0.28092922744462,0.0,0.0,0.0,0.40975771932012,0.04238872958484,1.5609026305947,6.1097951211403,0.039064123342892,0.0,0.034077213979969,0.039064123342892,0.0,2.2632256992063,2.9489257366081,0.027428001496073,0.011636121846819,0.10638739974234,0.32248680546898,0.014960728088767,0.02825915305656,0.0,0.0,0.0,0.0,0.02244109213315,1.7429248223414,0.0,1.5758633586835,0.0,0.089764368532602,0.039895274903379,0.0,0.0,0.0,0.38399202094502,0.015791879649254,1.9415700452978,0.0,0.8186842870797499,5.423263932178,0.0,1.1370153347463,0.009973818725844701,0.0,0.074803640443835,0.0,0.068985579520426,0.088933216972115,0.0,0.0,0.046544487387275,0.054024851431659,0.02825915305656,0.030752607738021,0.0,0.0,0.0,0.014960728088767,0.0,0.0083115156048705,0.22607322445248,0.0,0.0,0.0,0.0,0.01412957652828,0.0,0.38316086938453,0.0,0.44799069110252,1.0497444208952,0.21277479948469,0.0083115156048705,0.018285334330715,0.0,0.0,0.58928645638532,0.0,0.0,0.0,0.0,0.0,0.83530731828949,0.51198936126003,0.0,0.25599468063001,0.55105348460292,0.7538544653617599,0.012467273407306,1.4969039604372,0.0,0.030752607738021,0.0,0.024103395254125,0.0,0.044882184266301,0.0,0.11968582471014,0.0,0.009142667165357601,0.009142667165357601,0.12467273407306,0.0,0.040726426463866,0.6707393093130499,0.0,0.0,0.0,0.0,0.012467273407306,2.4319494659851,0.067323276399451,0.0,0.0,0.70066076549059,0.24269625566222,0.14046461372231,0.0,0.017454182770228,0.0,2.0388147778747,0.10721855130283,0.0,0.0,2.083696962141,0.009142667165357601,3.4700577650335,4.2629763537381,0.8477745916968,0.0,0.016623031209741,0.0,0.087270913851141,0.28508498524706,0.0,0.0,0.11885467314965,0.059842912355068,0.14212691684329,0.0,0.08311515604870501,0.0,0.2052944354403,0.31417528986411,0.0,0.0,0.0,0.033246062419482,0.011636121846819,0.0,0.0,0.160412251174,0.02244109213315,0.018285334330715,0.0,0.0,0.015791879649254,0.36903129285625,0.09807588413747201,0.017454182770228,0.0,0.0,0.058180609234094,0.030752607738021,0.15126958400864,0.11137430910527,0.061505215476042,0.0,0.0,0.0,0.015791879649254,0.0,0.037401820221917,0.039895274903379,0.024934546814612,0.0,0.0,0.0,0.043219881145327,5.6285583676183,0.32913601795287,3.9737356106886,0.0,0.0,0.0,0.0,0.0,0.9392012633503701,0.0,0.012467273407306,0.063167518597016,0.12550388563355,0.045713335826788,1.1694302456053,0.0,0.0,0.24768316502514,0.0,0.25765698375099,0.56435190957071,0.49287287536882,0.0
AZM04C,0.13696115668639,0.021179560312328,0.03812320856219,0.0,0.0,0.14402101012383,0.0,0.019767589624839,2.241503466388,3.8504440647812,13.896615506262,2.4370614066052,0.0,1.4543298081132,0.0,0.34663880377843,0.0,0.0,0.42994507434026,0.0,0.0,0.15461079027999,0.24427092893552,0.043771091312144,0.0,0.0,0.15672874631123,0.0,0.009883794812419699,1.0921593267724,0.026121457718538,0.009883794812419699,0.019061604281095,0.014119706874885,0.14260903943634,0.009883794812419699,0.0,0.028239413749771,0.0,0.11507561103032,0.017649633593607,0.0,0.026121457718538,0.0,0.0,0.0,1.9054544427658,7.5498072660012,0.0,0.044477076655889,10.366688787541,0.097425977436708,0.0,0.045889047343377,0.0,1.4726854270505,1.9929966253901,0.2089716617483,1.08227553196,0.0,0.0,0.0,0.59443965943267,0.0,0.015531677562374,0.0,0.0,0.0,0.54290272933934,0.0,0.40099967524674,0.042359120624656,0.050124959405843,0.0,0.0,0.0,0.024003501687305,0.26545048924784,0.0,0.0,1.1634638464905,0.0,0.012707736187397,0.021179560312328,0.34310887705971,0.0084718241249312,0.007059853437442601,0.52172316902701,0.0,0.1355491859989,2.7738164155712,0.95590415542973,0.20967764709205,0.0,1.0328565578979,0.007059853437442601,0.0,0.0,0.0,0.0,0.9516682433672701,0.47724609237112,0.015531677562374,0.012707736187397,0.0,0.0,0.024709487031049,0.97567174505457,0.36923033477825,0.0,0.0,0.36923033477825,0.018355618937351,0.0,0.020473574968584,0.0,0.024003501687305,0.0,0.1913220281547,0.16661254112365,0.17014246784237,0.0,0.0,0.0,0.0,0.014119706874885,0.0,0.0,0.0,0.040241164593423,0.28733603490392,0.028239413749771,0.0,0.23509311946684,0.19696991090465,0.0,1.5757592872372,0.1595526876862,0.0,0.020473574968584,0.0077658387811869,0.0,0.0,0.0,0.0,0.0,0.0,0.9149570054925701,0.024709487031049,0.0,0.048712988718354,0.022591530999816,0.0,0.0,0.12354743515525,0.10730977224913,0.0,0.0,0.046595032687121,0.1291953179052,0.0,0.0,0.56125834827669,0.0,0.026121457718538,0.066362622311961,0.078364373155613,0.0,0.039535179249679,0.0,0.009177809468675401,0.10377984553041,0.85706620730554,0.17720232127981,0.14331502478009,0.027533428406026,0.06706860765570499,0.068480578343194,0.03812320856219,0.07483444643689201,0.0,3.1670502520368,0.28239413749771,0.0,0.65515439899468,0.0,0.06353868093698399,0.017649633593607,0.0,0.013413721531141,0.082600285218079,0.009883794812419699,0.55702243621422,0.0,0.0,0.53866681727687,0.0,0.084718241249312,0.021885545656072,0.35369865721588,0.0,0.0,0.064950651624472,0.11225166965534,0.0,1.3307823729579,0.056478827499541,0.0,1.0053231294918,0.093190065374243,0.37911412959067,0.49630769665222,0.0,0.0,0.0,0.27957019612273,0.0,0.0,0.0,1.7268401507985,0.023297516343561,0.68409979808819,3.4388546093783,0.0,0.0,0.023297516343561,0.0,0.0,0.43276901571523,0.0,0.29863180040382,0.0,0.0,0.047301018030866,0.0,0.12778334721771,0.0,0.1419030540926,0.30922158055999,0.0,0.06424466628072799,0.0,0.0,0.009883794812419699,0.015531677562374,0.013413721531141,0.012001750843652,0.007059853437442601,0.018355618937351,0.24215297290428,0.0,0.0,0.012001750843652,0.0,0.0,0.0,0.0,0.17508436524858,0.0,0.0,0.17508436524858,0.05294890078082,0.013413721531141,0.0,0.0,0.0,0.0,0.0,0.07483444643689201,0.0,0.0,0.0,0.47795207771487,0.0,0.0,0.057184812843285,0.05506685681205301,0.0,0.0,0.0,0.0,0.0,0.025415472374793,0.12778334721771,0.0,0.0,0.0,0.0,0.49560171130847,0.0,0.035299267187213,0.024709487031049,0.0,0.16661254112365,0.065656636968217,0.2887480055914,0.0
AZM04D,4.9950506358029,0.0,0.10768946274924,0.0,0.0,0.10768946274924,0.0,0.069617430464152,0.038072032285083,0.0,0.0,2.2506009942239,0.019579902318043,0.025018764073055,0.0,0.030457625828067,0.083758471027183,0.0,0.10007505629222,0.0,0.0,0.0,0.56564162252124,2.8064526655861,0.0,0.0,0.0,0.0,0.0,0.0,0.21646669784947,0.0,0.1370593162263,0.0,0.0,0.0,0.0,0.0,0.017404357616038,0.0,0.20667674669045,0.067441885762148,0.0,0.0,0.016316585265036,0.070705202815155,0.58522152483928,0.02719430877506,0.0,0.0,0.65266341060143,0.0,0.0,0.0,0.28282081126062,0.0,0.33394611175773,0.014141040563031,0.028282081126062,0.010877723510024,0.090285105133198,0.0,0.0,0.29043521771764,0.054388617550119,0.0,0.0,0.013053268212029,0.02719430877506,0.087021788080191,0.18818461672341,0.014141040563031,0.0,0.0,0.2295199660615,0.0,0.12835713741828,0.35352601407577,0.010877723510024,0.0,3.198050711947,0.075056292219164,0.25671427483656,0.0,0.0,0.016316585265036,0.10660169039823,0.9681173923921199,0.010877723510024,0.0,1.0714557657373,0.11530386920625,1.1791452284866,0.029369853477064,6.1176317020374,0.0,0.0,0.0,0.19036016142542,0.0,1.5033013890853,0.28608412831363,0.015228812914033,0.0,0.0,0.0,0.0,2.6846221622739,4.2564532094723,0.066354113411145,0.0,0.22081778725348,0.46991765563303,0.021755447020048,0.10986500745124,0.0,0.023930991722052,0.026106536424057,0.0,0.054388617550119,1.383646430475,0.0,0.15990253559735,0.0,0.065266341060143,0.094636194537207,0.036984259934081,0.0,0.05221307284811399,0.019579902318043,0.0,0.37528146109582,0.05003752814611,0.33177056705573,5.483460421403,0.051125300497112,0.36766705463881,0.11965495861026,0.0,0.01849212996704,0.0,0.06309079635813801,0.073968519868162,0.0,0.016316585265036,0.015228812914033,0.094636194537207,0.025018764073055,0.019579902318043,0.0,0.026106536424057,0.015228812914033,0.0,0.15011258443833,0.064178568709141,0.26759199834659,0.015228812914033,0.02719430877506,0.082670698676181,0.043510894040095,0.032633170530071,0.031545398179069,0.43619671275196,0.0,0.24801209602854,0.3981246804668699,0.72228084106558,0.021755447020048,0.014141040563031,0.020667674669045,0.015228812914033,0.71792975166157,0.0,0.0,0.0,0.014141040563031,0.0,0.0,0.38507141225484,0.015228812914033,1.2128661713677,0.65701450000544,1.5424611937214,0.0,3.7201814404281,0.0,0.093548422186205,0.0,0.07614406457016701,0.010877723510024,0.043510894040095,0.015228812914033,0.97355625414713,0.0,0.0,0.029369853477064,0.42205567218892,0.017404357616038,0.0,1.2618159271628,0.0,0.033720942881074,0.0,0.28825967301563,0.0,4.2488388030153,0.47426874503704,0.0,0.0,0.1805702102664,0.99313615646518,0.05873970695412899,0.084846243378186,0.034808715232076,0.010877723510024,1.3020635041499,0.2719430877506,0.11856718625926,0.0,0.91590431954401,0.21537892549847,5.0831601962341,5.0537903427571,0.025018764073055,0.046774211093102,0.016316585265036,0.11965495861026,0.19797456788243,1.355364349349,0.0,0.093548422186205,0.3633159652348,0.033720942881074,0.17295580380938,0.02284321937105,0.33394611175773,0.0,0.11856718625926,0.16969248675637,0.26976754304859,0.011965495861026,0.0,0.0,0.013053268212029,0.0,0.0,0.0,0.0,0.0,0.0,0.014141040563031,0.24148546192253,0.040247576987088,0.15337590149134,0.0,0.6232935571243601,0.0,0.52974513493816,0.077231836921169,0.0,0.17295580380938,0.030457625828067,0.0,0.0,0.0,0.0,0.0,0.0,0.016316585265036,0.0,0.0,0.0,0.0,0.0,0.0,0.60588919950833,0.70705202815155,0.0,0.0,0.0,0.0,0.011965495861026,0.35135046937377,0.043510894040095,0.05982747930513101,0.0,3.9301215041716,0.75273846689365,0.066354113411145,0.0,0.010877723510024,0.013053268212029,0.19797456788243,0.046774211093102,0.23278328311451,2.3180428799861,0.0
AZM04E,0.081282309718113,0.0,0.0,0.071528432551939,0.0,0.52183242839029,0.022759046721072,0.051207855122411,0.10485417953637,0.0,0.0,5.897031570049101,0.0,0.0,0.0,0.32838053126118,0.34219852391326,0.0,0.9745748935201699,0.023571869818253,0.0,0.0,2.7814806385538,8.8768410443151,0.0,0.021133400526709,0.0,0.010566700263355,0.011379523360536,0.10891829502227,0.061774555385766,0.017882108137985,0.6591995318139,0.018694931235166,0.0,0.0,0.0,0.0,0.013817992652079,0.095913125467373,0.7323536105602,0.33488311603863,0.0,0.0,0.0,0.0,0.22677764411354,1.844295607504,0.0,0.0,4.8679975290178,0.18857495854602,0.019507754332347,0.0089410540689924,0.4324218877003601,0.0,2.6457391813246,0.95425431609065,0.87053353708099,0.0,0.38527814806386,0.0,0.40234743310466,0.76649218064181,0.0,0.013817992652079,0.0,0.37146015541178,0.29424196117957,0.18044672757421,0.02194622362389,0.14386968820106,0.63644048509282,0.0,0.029261631498521,0.0,0.016256461943623,0.03657703937315099,0.0,0.0,1.1940371297591,0.0,0.017069285040804,0.09997724095327899,0.0,0.0081282309718113,0.0,1.0103391097961,0.0,0.0,0.18451084306012,0.0,0.17638261208831,0.0089410540689924,10.387066358878,0.0,0.019507754332347,0.017882108137985,0.024384692915434,0.024384692915434,0.54946841369444,1.3175862405306,0.0089410540689924,0.0,0.0,0.0430796241506,0.026010339109796,0.0,2.0751373671034,0.0,0.0,0.020320577429528,0.42266801053419,0.0,0.010566700263355,0.0,0.0089410540689924,0.25116233702897,0.0,0.0,0.075592548037845,0.13899274961797,0.05445914751113599,0.13005169554898,0.013005169554898,0.027635985304158,0.0,0.0,0.010566700263355,0.10566700263355,0.0,0.0081282309718113,0.025197516012615,0.0,1.7776441135351,0.15199791917287,1.4086224274149,0.0,0.0,0.0,0.0,0.0,0.0,0.03576421627597,0.0,0.072341255649121,0.1463081574926,0.024384692915434,0.013817992652079,0.0,0.0,0.0,0.0,0.0,0.010566700263355,0.033325746984426,0.010566700263355,0.0,0.0,0.011379523360536,0.0,0.0,1.0160288714764,0.0,0.015443638846441,0.7266638488799301,0.07884384042657,0.021133400526709,0.0,0.0,0.019507754332347,0.076405371135026,0.0,0.0,0.0,0.0,0.0,1.3874890268882,1.2046038300224,0.020320577429528,0.013817992652079,2.6181031960204,0.0861592483012,0.07884384042657,1.0956855350002,0.0,0.0430796241506,0.0,0.0081282309718113,0.015443638846441,0.019507754332347,0.061774555385766,1.0103391097961,0.0,0.026010339109796,0.6201840231492001,0.13899274961797,0.0,0.05445914751113599,0.31537536170628,0.0,0.020320577429528,0.017882108137985,0.02844880840134,0.0,0.23815716747407,0.0,0.0,0.0,0.016256461943623,0.41697824885392,0.016256461943623,0.011379523360536,0.0,0.0,0.78356146568261,0.025197516012615,0.0,0.0,0.40153461000748,0.0,8.9776311083656,0.0,0.0,0.0,0.0,0.0,0.0,0.09997724095327899,0.0,2.4978053776376,0.0,0.0,0.14143121890952,0.0,0.68277140163215,0.02194622362389,0.13980557271515,0.09753877166173601,0.06827714016321501,0.0,0.0097538771661736,0.0,0.0,0.024384692915434,0.0,0.16500308872777,0.0,0.19589036642065,0.033325746984426,0.026823162206977,0.026010339109796,0.19182625093475,0.018694931235166,0.011379523360536,0.024384692915434,0.07315407874630199,0.21214682836427,4.0868745326267,0.021133400526709,0.13736710342361,0.10160288714764,0.034138570081607,0.0,0.056084793705498,0.0,0.032512923887245,0.0,0.15118509607569,0.069089963260396,0.056897616802679,0.011379523360536,1.0371622720031,0.041453977956238,0.0,1.5963845628637,0.92905680007803,0.0,0.0,0.062587378482947,0.0,0.0,0.063400201580128,0.0,0.016256461943623,0.0,0.0,0.0,0.0,0.0,0.0,0.07884384042657,0.0,0.0,0.20808271287837,1.7191208505381,0.025197516012615
AZM04F,10.740385879878,0.0,0.0,0.0,0.0,0.040391515902985,0.0,0.11835653497154,0.07984369422683099,0.0,0.0,4.24486652013,1.0473614007402,0.11459918465498,0.0,0.13714328655432,0.012211388528809,0.0,0.15874805087452,0.0,0.0,0.0,0.07890435664769199,4.1575081252701,0.0,0.0,0.0,0.0,0.0,0.06575363053974301,0.0,0.019726089161923,0.12117454770896,0.0,0.0,4.6685077683218,0.0,0.0,0.0,0.055420917169212,0.32313212722388,0.0,0.8717052734411699,0.21604764320201,0.0,0.0,0.22168366867685,0.15405136297883,0.0,0.0,0.75710608878619,0.030058802532454,0.0,0.0,0.19350354130267,0.0,0.42551992335005,0.055420917169212,0.0,0.083601044543388,0.22356234383513,0.0,0.04696687895696,0.21698698078115,0.0,0.0,0.0,0.014090063687088,0.0,0.084540382122527,0.17847414003645,0.0,0.0,0.0,0.0,0.0,0.59554002517425,0.8228597193259299,0.0,0.0,1.970730241034,0.024422777057619,0.06575363053974301,3.259501399613,0.15968738845366,0.030058802532454,0.089237070018223,0.8012549550057301,0.0,0.0,0.74865205057394,0.0,0.21604764320201,0.0,3.4238854759624,0.0,0.015968738845366,0.0,0.24516710815533,0.07608634391027401,0.49315222904808,0.95906366830111,0.0,0.0,0.0,0.11553852223412,0.0,1.6156606361194,3.0829059347348,0.0,0.0,0.13996129929174,0.6058727385447801,0.033816152849011,0.015968738845366,0.0,0.04602754137782,0.01127205094967,0.38794642018449,0.03475549042815,0.9036427511319001,0.010332713370531,0.14559732476657,0.0,0.021604764320201,0.055420917169212,0.040391515902985,0.013150726107949,0.0093933757913919,0.013150726107949,0.0,0.75710608878619,0.017847414003645,0.20289691709407,4.8563752841496,0.06481429296060401,1.8467376805876,0.013150726107949,0.0,0.085479719701666,0.0,0.4320952864040299,0.8012549550057301,0.05823892990663,0.0,0.0,0.062935617802326,0.07608634391027401,0.012211388528809,0.048845554115238,0.017847414003645,0.017847414003645,0.0,0.16250540119108,0.013150726107949,0.020665426741062,0.0,0.0,0.0,0.013150726107949,0.0,0.0,0.22356234383513,0.0,0.010332713370531,0.070450318435439,0.25268180878844,0.0,0.0,0.0,0.094873095493058,0.20289691709407,0.0,0.0,0.0,0.022544101899341,0.0,0.099569783388754,1.214563489827,0.0,1.032331999474,1.4531552349283,0.35319092975634,0.0,1.1422344962333,0.0,0.031937477690732,0.0,0.020665426741062,0.0,0.018786751582784,0.0,0.35600894249375,0.0,0.0,0.0,0.08078303180597,0.0,0.0,0.26771121005467,0.0,0.04696687895696,0.0,0.047906216536099,0.0,1.1243870822296,0.048845554115238,0.0,0.0,0.19538221646095,0.24422777057619,0.9863044580961501,0.06575363053974301,0.0,0.0,0.16814142666592,0.0,0.015029401266227,0.0,1.1149937064382,0.038512840744707,10.701873039133,1.7058370437168,0.090176407597362,0.086419057280806,0.024422777057619,0.016908076424505,0.029119464953315,0.64626425444776,0.0,0.1606267260328,0.0,0.053542242010934,0.036634165586428,0.0,0.015968738845366,0.0,0.060117605064908,0.2348343947848,0.016908076424505,0.0,0.18974619098612,0.014090063687088,0.010332713370531,0.0,0.0,0.017847414003645,0.0,0.039452178323846,0.0,0.0,0.059178267485769,0.015968738845366,0.1127205094967,0.010332713370531,0.074207668751996,0.0,0.10802382160101,0.12493189802551,0.015968738845366,0.060117605064908,0.088297732439084,0.0,0.0,0.0,0.0,0.0,0.0,0.019726089161923,0.0,0.0,0.0,0.0,0.0,0.0,0.6406282289729299,2.2929230306788,0.92430817787296,0.0,0.021604764320201,0.041330853482124,0.0,0.027240789795037,0.0093933757913919,0.3428582163858,0.0,0.54951248379643,0.68571643277161,0.0,0.54763380863815,0.043209528640403,0.037573503165568,0.030058802532454,0.23295571962652,1.3770688910181,1.4024310056548,0.1174171973924
AZM04G,0.041802379252086,0.0,0.07315416369115,0.7515719436364601,0.0,1.2801978645951,0.0,0.12976155226168,0.32135579050041,0.08273387560308601,0.55475240799122,2.1632731262954,0.0,0.0,0.0,0.012192360615192,0.60178008464982,0.018288540922788,0.019159423823873,0.0,0.086217407207427,0.0,0.044415027955341,16.30815320572,0.0,0.0,0.0,0.0,0.0,0.25429780711686,0.015675892219532,0.0,0.1114730113389,0.027868252834724,0.0,0.0,0.0,0.33877344852211,0.54691446188146,0.10276418232804,0.03570619894449,0.0,0.0,0.0,0.0,0.0,0.0,0.03570619894449,0.0,0.0,0.020030306724958,0.0,0.0,0.0,0.0,0.0,0.0087088290108512,0.0,0.0,0.0,0.31787225889607,0.0,0.0,0.0,0.0,0.031351784439064,0.0,0.018288540922788,0.083604758504172,0.040060613449916,0.06705798338355401,0.04354414505425599,0.79424520578963,0.09057182171285201,0.16895128281051,0.0,0.026997369933639,1.6686116384791,0.0,0.0,0.034835316043405,0.0,0.0,0.0,0.018288540922788,0.0095797119119363,0.0,0.10189329942696,0.0,0.0,4.2368453137791,0.0,0.056607388570533,0.0,0.78553637677878,0.0,0.2751989967429,0.0,0.15937157089858,0.013063243516277,0.56520300280424,0.29000400606135,0.019159423823873,0.034835316043405,0.0,0.11756919164649,0.023513838329298,0.7646351871527399,0.25342692421577,0.0,0.021772072527128,0.029610018636894,3.9485830735199,0.024384721230383,0.029610018636894,0.0,0.010450594813021,0.036577081845575,0.0,0.011321477714107,4.3831536411614,0.081862992702001,0.17766011182136,0.0,0.14456656158013,0.016546775120617,0.091442704613938,0.0,0.16808039990943,0.025255604131468,0.0,0.040931496351001,0.028739135735809,0.20291571595283,9.883650044415,0.012192360615192,0.95448765958929,0.011321477714107,0.0,0.020030306724958,0.0,0.20552836465609,0.0,0.0,0.52601327225541,0.12540713775626,0.079250343998746,0.03744796474666,0.0,0.0,0.0,0.0,0.028739135735809,0.014805009318447,0.089700938811767,0.46505146917945,0.025255604131468,0.0,0.0,0.030480901537979,0.019159423823873,0.13411596676711,0.71151133018654,0.0,0.0,0.35619110654381,0.14108302997579,0.0,0.0087088290108512,0.012192360615192,0.076637695295491,0.38841377388396,0.1114730113389,0.029610018636894,0.0,0.029610018636894,0.0,0.028739135735809,0.13411596676711,0.0,0.0,0.063574451779214,0.7498301778342901,0.04354414505425599,0.8604323062721001,0.0,0.13150331806385,0.0,0.063574451779214,0.033093550241235,0.16546775120617,0.011321477714107,0.0,0.0,0.0,0.0,0.013063243516277,0.0,0.016546775120617,0.54604357898037,0.0,0.055736505669448,0.0087088290108512,0.0,0.0,0.0,0.0,0.0,0.0,0.028739135735809,0.39015553968613,0.0,1.2366537195409,0.0,0.15153362478881,0.0,0.0,0.068799749185724,0.0,0.62790657168237,0.055736505669448,23.824743524986,0.020901189626043,0.0,0.047027676658596,0.1053768310313,0.0,0.05312385696619201,0.56694476860641,0.022642955428213,0.06096180307595801,0.2342675003919,0.018288540922788,0.0,0.11582742584432,0.64532422970407,0.12540713775626,0.0,0.012192360615192,0.0,0.0,0.0,0.018288540922788,0.021772072527128,0.034835316043405,0.0,0.033093550241235,0.0,0.011321477714107,0.011321477714107,0.0,0.0,0.03396443314232,0.56433211990316,0.080121226899831,0.016546775120617,0.027868252834724,0.0,0.29522930346786,0.0,0.20378659885392,0.021772072527128,0.07489592949332001,0.019159423823873,0.016546775120617,0.03918973054883,0.0,0.028739135735809,0.13411596676711,0.0,0.011321477714107,0.0,0.09492623621827799,0.0,0.12714890355843,0.0,0.1053768310313,0.0095797119119363,0.0,0.0,0.026126487032554,0.015675892219532,0.60439273335307,0.0,0.011321477714107,0.0,0.0,0.0,0.064445334680299,0.0,0.026997369933639,0.0,0.0,0.0,1.0311253548848,1.2314284221344,0.077508578196576
AZM04H,0.0,0.0086719854844305,0.0,0.0,0.0,1.0553139258745,0.0,0.0,0.20612642420685,0.0,0.39824425647731,0.011340288710409,0.0,0.0,0.0,0.21679963711076,0.0,0.0,2.9604824292233,0.0,0.0,0.12874563065347,4.7722603196627,4.4473944018998,0.0,0.0080049096779358,0.18077754356005,0.0,0.0,0.22813992582117,0.024681804840302,5.4006457293807,0.02001227419484,0.014675667742882,0.070710035488433,0.23948021453158,0.10873335645863,0.1994556661419,0.0,0.61304266616858,0.0,0.0,0.5169837500333501,0.0,0.0,0.0,0.0,0.10473090161966,0.0,0.05003068548709901,44.451263441577,0.050697761293593,0.040691624196174,0.0,0.0,0.0,1.1500386903968,0.60236945326467,0.014675667742882,0.034687941937722,0.035355017744216,0.0,0.014675667742882,0.09405768871574599,0.0,0.044694079035142,0.071377111294928,0.0,0.019345198388345,0.0,0.017343970968861,0.0,0.0,0.0,0.0,0.0,0.019345198388345,0.0,0.0,0.0,0.0,0.0,0.10873335645863,2.7323425034021,1.2567708194359,0.05536729193905599,9.383088294153701,0.010673212903914,0.0,0.0,0.0,0.0,0.47295674680471,0.01000613709742,0.014008591936388,0.0,0.0,0.0,0.0073378338714412,0.0,0.1741067854951,0.010673212903914,0.0,0.0,0.0,0.1747738613016,0.0,0.68108439843104,0.17877631614057,0.022013501614323,0.028017183872775,0.0,0.062705125810497,0.0,0.0,0.0,0.0,0.0,0.0,0.0,1.6516796968808,0.0,0.0,0.0,0.0,0.0,0.0,0.0,0.0,0.017343970968861,0.0,0.009339061290925101,0.0,0.0,0.0,0.0,0.012674440323398,0.0,0.0,0.0,0.009339061290925101,0.0,0.0,0.0,0.0,0.0,0.0,0.0,0.0,0.0,0.0,0.024014729033807,0.0,0.0,0.0,0.0,0.010673212903914,0.0,0.0,0.0,0.0,0.0,0.05803559516503499,0.0,0.0,0.016676895162366,0.071377111294928,0.0,0.0,0.0,0.0,0.0,0.0,0.0,0.0,0.0,0.0,0.0,0.01000613709742,0.048696533874109,0.0,1.6089868452651,0.0,0.0086719854844305,0.056034367745551,0.0,0.0,0.031352562905249,0.0,0.03869039677669,0.013341516129893,0.0,0.019345198388345,0.0,0.0,0.73911999359607,0.0,0.01000613709742,0.0,0.05736851935854,0.0,0.0,0.14275422258986,0.0,0.0,0.0,0.014675667742882,0.0,0.0,0.0,0.0,0.0,0.0,0.0,0.031352562905249,0.0,0.0,0.0,0.0,0.6350561677829101,0.0,0.0,0.0,0.0,0.0,0.0,0.0,0.0,0.05736851935854,0.0,0.0,0.016676895162366,0.0,0.0,0.0,0.38356858873442,0.0,0.059369746778024,0.034687941937722,0.034687941937722,0.0,0.0,0.0,0.01000613709742,0.0,0.0,0.0,0.0,0.0,0.01000613709742,0.0,0.014675667742882,0.0066707580649465,0.0,0.0,0.0,0.0,0.0,0.0,0.0,0.11340288710409,0.032686714518238,0.0,0.0,0.033353790324733,0.0,0.0086719854844305,0.0,0.11073458387811,0.0,0.0,0.012674440323398,0.064039277423486,0.052031912906583,0.18477999839902,3.2993569389225,0.084051551618326,0.095391840328735,0.0,0.084718627424821,0.0,0.0,0.16743602743016,0.0,0.37623075486298,0.074045414520906,0.0,0.011340288710409,0.0,0.0,0.0,0.0,0.021346425807829,0.0,0.0,0.11540411452357,0.0
AZM04I,0.06927224433247099,0.011030612154852,0.012354285613434,0.0,0.0,22.075784717749,0.010148163182464,0.023384897768287,0.18090203933958,0.01191306112724,0.0,3.4018407885564,0.0,0.0,0.0,0.013677959072017,5.9075546456526,0.0,0.0,0.0,0.0,0.0,0.0,2.077726105488,0.0,0.0,0.0,0.0,0.0057359183205231,0.037062856840303,0.015884081502987,0.007500816265299501,0.041475101702244,0.0,0.0,0.0,0.0,0.0,0.0,0.0048534693481349,0.24708571226869,0.32959469118698,0.0,0.0,0.0,0.0,0.012354285613434,0.67727958630792,0.0,0.0066183672929113,2.5533661016052,0.09177469312837,0.0,0.0,0.026473469171645,0.0,4.312528128061,0.0,0.0,0.0,0.18266693728435,0.0,0.26164612031309,0.16325305989181,0.01191306112724,0.0,0.021178775337316,0.0,0.28944326294332,0.018090203933958,0.2011983657045,0.0,0.0,0.0,0.011030612154852,0.0,0.015442857016793,0.21708244720749,0.0,0.0,0.12927877445487,0.03132693851978,0.0066183672929113,0.68786897397658,0.0079420407514935,0.08383265237687601,0.013677959072017,0.42975264955304,0.10148163182464,0.005294693834329,0.8687710133161599,0.0044122448619409,2.3402546747734,0.015442857016793,7.4897856531446,0.0,0.01191306112724,0.0,0.13722081520636,0.010148163182464,0.28194244667802,0.12177795818957,0.0,0.0,0.012795510099628,0.01941387739254,0.011471836641046,0.5007897918302899,0.33665428296609,0.0,0.0,0.12398408062054,0.43328244544259,0.0,0.042798775160826,0.0,0.0083832652376876,0.0,0.0,0.015442857016793,0.32385877286646,0.0,0.0,0.0,0.011471836641046,0.012354285613434,0.0,0.0,0.0,0.04191632618843801,0.0,11.890117453958,0.010148163182464,0.06927224433247099,2.2934848792369,0.036621632354109,0.45931469012804,0.0,0.0,0.10721755014516,0.0048534693481349,0.0,0.020737550851122,0.0,0.0,0.027355918144033,0.0044122448619409,0.071919591249636,0.018972652906346,0.0044122448619409,0.037504081326497,0.020296326364928,0.0,0.26914693657839,0.13545591726158,0.026914693657839,0.0,0.0,0.0,0.0,0.0,0.0,0.059565305636202,0.0,0.016325305989181,0.17693101896383,0.018972652906346,0.0,0.012795510099628,0.0,0.0,0.72184325941352,0.0,0.0,0.0,0.0097069386962699,0.0,0.0,1.8465244747222,0.0044122448619409,1.1471836641046,4.3650338419181,0.95348611466542,0.068831019846277,1.3294093769028,0.0,0.052505713857096,0.035297958895527,0.0,0.0,0.0,0.0,0.47696366957581,0.0,0.0,0.0,0.065301223956725,0.0,0.1861967331739,0.5444710159635,0.0,0.0,0.16854775372614,0.0,0.0,0.17340122307428,0.0,0.0,0.0,0.47784611854819,0.042798775160826,0.0,0.0044122448619409,0.0,0.0097069386962699,0.12619020305151,0.0070595917791054,0.0,0.0,1.2221918267576,0.014119183558211,3.4106652782803,0.082950203404488,0.0,0.0,0.0061771428067172,0.0,0.0057359183205231,0.1416330600683,0.02912081608881,0.40636775178475,0.0,0.067507346387695,0.072802040222024,0.027797142630227,0.051182040398514,0.0061771428067172,0.025149795713063,0.03882775478508,0.0,0.014119183558211,0.0,0.012795510099628,0.010148163182464,0.0,0.0,0.0,0.01191306112724,0.0,0.0,0.0,0.0092657142100758,0.018531428420152,0.0070595917791054,0.0061771428067172,0.0,0.0,1.4683950900539,0.0061771428067172,0.005294693834329,0.020737550851122,0.0066183672929113,0.0,0.0,0.014560408044405,0.0,0.018531428420152,0.0048534693481349,0.005294693834329,0.0,0.0,0.0,0.0,0.0044122448619409,0.016325305989181,0.10721755014516,0.19281510046682,0.0,0.016766530475375,0.0,0.0,0.0,0.0,0.036180407867915,0.0,0.0,0.0044122448619409,0.0,0.0,0.0,0.0,0.52505713857096,0.0,1.1317408070878,1.7018028432506,1.7053326391401,0.0
AZM04J,0.0,1.1901707408099,0.03382160850905,0.0,0.0,0.11837562978168,0.023325247247621,0.13237077813025,0.43268333644337,0.0,0.0,6.038906512409,0.12770572868072,0.0,0.0,0.0,0.0,0.0,0.0,0.0,0.0,0.0,0.0,0.0,0.0,0.0,0.0,0.0,0.0,0.0,0.21984045530883,0.0,0.017493935435716,0.014578279529763,0.0,0.14986471356596,0.0,0.0,0.0,0.019826460160478,0.032072214965479,1.2863873857063,0.51023978354171,0.0,0.085720283635007,0.0,0.71550195932077,0.29972942713193,0.0,0.07813957827953,9.2694532562045,0.0,0.0,0.0,0.0,0.0,0.93359302108602,0.0,0.0,0.0069975741742862,0.0,0.0,2.2322261615973,0.33763295390931,0.0,0.0,0.0,0.0,0.0,0.0,0.79130901287554,0.0,0.0,0.0,0.0064144429930957,0.0,0.02274211606643,0.0,0.0,0.0,0.22275611121478,0.0,6.7975601791379,0.10146482552715,0.0,0.49741089755551,0.024491509610002,1.4438328046277,0.026824034334764,2.9074920694159,0.24141630901288,0.4134400074640801,0.27173913043478,1.6415142750513,5.0038486657959,0.2460813584624,0.0,0.059479380481433,0.017493935435716,0.0,0.87819555887292,2.9972942713193,0.025074640791192,0.0,0.0058313118119052,0.08746967717857801,0.05656372457548,0.015161410710954,0.16735864900168,0.0,0.0,0.046650494495242,0.026824034334764,0.0,0.0,0.018077066616906,0.0,0.0,0.07639018473595799,0.0676432170181,0.93884120171674,0.0,0.0,0.071725135286434,0.0,0.029739690240717,0.0,0.0,0.0,0.0,0.093300988990483,15.673399888039,0.0,0.042568576226908,0.10904553088263,0.0,0.75573801082291,0.0,0.0,0.05598059339429001,2.3780089568949,0.0,0.0,0.0,0.0,0.0,0.0,0.0,0.11487684269453,0.0,0.1230406792312,0.29972942713193,0.0,1.2134959880575,0.0,0.22567176712073,0.0,0.0,0.0,0.0,0.0,0.0,0.23208621011383,0.0,0.030905952603098,0.097966038440007,0.0,0.0,0.0,0.0,0.0,0.1107949244262,0.0,0.03323847732786,0.0,0.0,0.025657771972383,0.0,2.519126702743,0.009330098899048301,0.020992722522859,1.2006671020713,0.13936835230453,0.16444299309573,2.5039652920321,0.016910804254525,0.058313118119052,0.050732412763575,0.023325247247621,0.0,0.0,0.014578279529763,0.23558499720097,0.0081638365366673,0.0,0.01107949244262,0.7848945698824401,0.0,0.46183989550289,0.82571375256578,0.0,0.0,0.0,0.0,0.14461653293525,2.0549542825154,0.042568576226908,1.1720936741929,0.023325247247621,0.0081638365366673,1.1668454935622,0.0,0.015161410710954,0.035571002052622,0.0,3.9349692106736,0.0,0.0,0.0,0.73999346893077,0.0,0.0081638365366673,0.38253405486098,0.0,0.0,0.0,0.018077066616906,0.0,0.0,0.0,0.0,0.01166262362381,0.0,0.25074640791192,0.0,0.21867419294645,0.0,0.16385986191454,0.20817783168502,0.15511289419668,0.031489083784288,0.0,0.0,0.030905952603098,0.0,0.097382907258817,0.01107949244262,0.0,0.0,0.0,0.0,0.0,0.090968464265721,0.0,0.0,0.0,0.0,0.15219723829073,0.0,0.0,0.06239503638738601,0.047816756857623,0.0,0.0,0.0,0.0,0.0,0.0,0.0,0.0,0.0,0.0069975741742862,0.0,0.0,0.061811905206195,0.9213472662810199,0.22858742302668,0.0,0.0,0.10379735025191,0.075223922373577,0.068226348199291,0.52423493189028,0.0,0.047816756857623,0.0,0.0,0.24958014554954,0.0,0.0,0.0,1.5837842881135,0.0,1.5773698451204,0.69859115506624,0.41110748273932,0.0
AZM04K,0.0,0.0,0.20288191283005,0.0,0.0,0.13954316931238,0.0,0.0,6.902933375559201,0.10787379755354,0.12568781916789,0.46613356557539,0.0,0.0,0.0,0.0,0.0,0.027710700288983,0.0,0.0,0.0,10.044139186889,0.022762360951665,1.2737025454258,0.0,0.0,0.0,0.0,0.0,0.032659039626301,0.011876014409564,0.0,0.083132100866949,0.0,0.79074462610348,0.012865682277028,0.0,0.026721032421519,0.0,0.1009461224813,0.0,0.0,0.17912988401093,0.0,0.039586714698547,0.0,0.012865682277028,0.0,0.0,0.0,0.0,0.0,0.0,0.0,0.0,0.0,0.0,0.0,0.0,0.0,0.11777047622818,0.0,0.016824353746883,0.0,0.0108863465421,0.0,0.0,0.0,0.028700368156447,0.06729741498753,0.0,0.0,0.68583983215233,1.3449586318831,0.0,0.017814021614346,0.12469815130042,0.21871659870947,0.0,0.0,1.5993032738213,0.030679703891374,0.0,0.0,0.0,0.26325165274534,0.0,0.19001623055303,0.0,0.0,2.3791615533827,0.0,0.01880368948181,0.0,0.0,0.0,0.0,0.039586714698547,0.09401844740905,0.0,0.36122877162424,0.07224575432484899,1.1539527334626,0.023752028819128,0.0,0.0,0.011876014409564,0.89861842365702,0.0,0.0,0.0,0.012865682277028,0.20684058429991,0.032659039626301,0.0,0.0,0.0,0.0,0.0,0.01880368948181,0.36023910375678,0.0108863465421,0.0,0.0,0.14746051225209,0.0,0.095997783143977,0.0108863465421,0.02969003602391,0.055421400577966,0.0,0.0,0.0,0.28106567435968,2.0456434820474,0.036617711096156,0.15636752305926,0.04849372550572,0.0,0.016824353746883,0.0,0.045524721903329,0.047504057638257,0.0,0.0,0.34143541427497,0.085111436601876,0.02969003602391,0.040576382566011,0.0,0.63140809944183,0.0,0.0,0.0,0.030679703891374,0.046514389770793,0.0,1.7002493963026,0.024741696686592,0.0,0.38003246110605,0.1336051621076,0.36320810735917,0.0,0.0,0.031669371758838,0.038597046831083,0.0,0.020783025216737,0.0,0.017814021614346,0.032659039626301,0.19991290922766,0.0,0.0,0.23949962392621,0.0,0.031669371758838,0.0,0.0,0.0,0.035628043228692,0.35727010015439,0.0,0.70959186097146,0.0,0.026721032421519,0.0,0.041566050433475,0.29986936384149,0.097977118878904,0.0,0.0,0.0,0.040576382566011,0.0,0.0,0.0,0.0,0.012865682277028,0.0,0.01880368948181,0.0108863465421,0.0,0.0,0.0,0.0,0.0,0.0,0.0,0.031669371758838,0.0,0.0098966786746368,0.0,0.0,0.0,0.0,3.8161592969399,0.47009223704525,0.12469815130042,0.044535054035866,2.3870788963224,0.0,0.0,0.0108863465421,0.0,0.0,0.0,1.1876014409564,0.024741696686592,0.0,0.0,0.028700368156447,0.0,0.0,0.53639998416531,0.0,0.0108863465421,0.013855350144492,0.0,0.0,0.012865682277028,0.021772693084201,0.0,0.019793357349274,0.031669371758838,0.0,0.0,0.026721032421519,0.0,0.013855350144492,0.0,0.070266418589921,0.041566050433475,0.0,0.012865682277028,0.0,0.0,0.017814021614346,0.0108863465421,0.080163097264558,0.022762360951665,0.044535054035866,0.0,0.0,0.030679703891374,0.0,0.0,0.032659039626301,0.016824353746883,0.0,0.13855350144492,0.0,0.0,0.20881992003484,0.0,0.4413918688888,0.14943984798702,0.0,0.0,0.0,0.0,5.1848699576422,0.0,0.0,0.0,0.0,0.011876014409564,0.0,0.0,0.0,0.025731364554056,0.0,0.0,0.01880368948181,34.247456553581,0.0108863465421
AZM04L,0.0,0.0,0.0,0.17542117631483,0.0,2.0090689438321,0.0,0.0,0.082745837884354,0.043027835699864,0.0,3.1873696753053,0.0,0.0,0.0,0.1026048389766,0.0,0.0,0.1919703438917,0.0,0.0,0.0,2.2573064574852,4.6734849237083,0.0,0.0,0.0,0.0,0.0,0.05957700327673499,0.0,0.0,0.34422268559891,0.052957336245987,0.0,0.12246384006884,0.0,0.21182934498395,0.043027835699864,0.48654552676,0.07281633733823199,2.4459669678615,0.0,0.0,0.0,0.0,0.12577367358422,0.0,0.0,0.0,4.0280673882104,0.0,0.0,0.0,0.35084235262966,0.0,0.7049945387747,0.069506503822858,1.0425975573429,0.0,0.29126534935293,0.06288683679210899,0.046337669215238,0.0,0.0,0.0,1.6780855922947,0.03971800218448999,0.17873100983021,0.33760301856817,0.0,0.0,0.5295733624598701,0.0,0.0,0.0,0.0,0.0,0.0,0.0,0.10591467249197,0.0,0.0,0.83076821235892,0.0,0.0,0.0,0.10922450600735,0.57260119815973,0.0,0.96316155297389,0.0,0.033098335153742,0.0,0.34422268559891,0.0,0.0,0.0,0.046337669215238,0.0,0.60900936682885,0.84731737993579,0.0,0.0,0.0,0.082745837884354,0.0,0.0,0.21513917849932,0.0,0.0,0.0,0.49316519379075,0.0,0.0,0.0,0.0,0.05957700327673499,0.0,0.0,0.06288683679210899,0.13570317413034,0.0,0.0,0.0,0.29126534935293,0.11915400655347,0.0,0.06288683679210899,0.73147320689769,0.0,0.17873100983021,0.0,0.0,2.6015291430841,0.16880150928408,0.64541753549796,0.0,0.0,0.0,0.0,0.0,0.0,0.0,0.0,0.09929500546122501,0.88703538212028,0.082745837884354,0.07281633733823199,0.0,1.1452023963195,0.0,0.0,0.07281633733823199,0.0,0.07281633733823199,0.0,0.0,0.0,0.05626716976136101,0.0,0.036408168669116,0.48985536027538,0.0,0.0,1.052527057889,0.03971800218448999,0.033098335153742,0.0,0.092675338430477,0.0,0.14232284116109,0.069506503822858,0.0,0.0,0.049647502730613,0.0,0.05626716976136101,0.53288319597524,0.0,0.0,1.0161188892199,0.14232284116109,0.0,0.81752887829742,0.0,0.16549167576871,0.0,0.0,0.0,0.0,0.0,0.3971800218449,0.0,0.0,0.095985171945851,0.03971800218448999,0.0,0.1026048389766,1.7509019296329,0.0,0.0,0.0,0.0,0.0,0.05957700327673499,0.0,0.0,0.0,0.10591467249197,0.26809651474531,0.0,0.036408168669116,0.0,0.033098335153742,0.092675338430477,0.0,0.0,0.0,2.9358223281369,0.0,28.65653857611,0.0,0.0,0.0,0.0,0.0,0.0,0.2945751828683,0.0,0.1026048389766,0.0,0.0,0.07281633733823199,0.0,0.052957336245987,0.0,0.036408168669116,0.03971800218448999,0.0,0.0,0.049647502730613,0.0,0.0,0.0,0.0,0.0,0.0,0.049647502730613,0.0,0.0,0.0,0.11253433952272,0.05626716976136101,0.0,0.0,0.05626716976136101,0.0,0.069506503822858,0.0,0.076126170853606,0.069506503822858,0.0,0.0,0.0,0.0,0.0,0.0,0.0,0.0,0.0,0.0,0.09929500546122501,0.0,0.0,0.0,0.54612253003674,0.0,0.0,0.0,0.0,0.0,0.10922450600735,0.0,0.0,0.0,0.0,0.0,0.0,0.0,0.0,0.0,0.0,0.0,1.2908350709959,14.444113461093,0.0
AZM04M,5.3076201041044,0.6684301846005101,0.0,0.0,0.0,0.12799726939159,0.0,0.0,0.37830304064624,0.0,0.0,12.677418437296,0.0,0.0,0.0,2.2954176977558,0.0,0.0,0.0,0.0,0.0,0.0,0.0,0.77367238387803,0.0,0.0,0.054043291520892,0.0,0.0,0.076798361634952,0.27306084136872,0.0,0.43234633216714,0.0,0.0,0.0,0.0,0.0,0.0,0.0,1.0524219927753,0.0,0.0,0.5631879853229801,0.0,0.0,0.32425974912535,0.0,0.0,0.0,0.39252495946753,0.0,0.0,0.0,0.05119890775663499,0.27021645760446,0.042665756463862,0.0,0.0,0.0,0.076798361634952,0.0,0.0,0.0,0.0,0.0,0.0,0.0,1.4079699633074,0.0,0.4579457860454499,0.0,0.0,0.65136388201496,0.8931365019768499,0.0,0.042665756463862,0.13653042068436,0.0,0.0,1.3311716016725,0.054043291520892,0.10808658304178,0.32994851665387,0.0,0.4095912620530799,0.0,1.3027277640299,0.0,0.5631879853229801,0.93580225844071,0.2474613874904,0.33279290041812,0.039821372699605,5.1227351594277,0.0,0.0,0.0,0.18488494467674,0.0,3.1117558380977,8.4108427909093,0.079642745399209,0.0,0.0,0.0,0.042665756463862,1.6468981995051,0.9414910259692201,0.0,0.0,0.8561595130415,0.31003783030406,0.0,0.059732059049407,0.0,0.0,0.0,0.0,0.0,1.7919617714822,0.0,0.036976988935347,0.0,0.0,0.21901754984783,0.0,0.0,0.0,0.0,0.0,0.7850499189350599,0.0,0.062576442813664,1.9256478084023,0.0,0.71678470859288,0.0,0.0,0.37545865688199,0.0,0.0,0.0,0.0,0.48070085615951,0.0,0.0,0.40390249452456,0.0,0.0,0.0,0.03413260517109,0.0,0.031288221406832,0.0,0.1137753505703,0.0,0.0,0.1336860369201,0.0,0.0,0.0,0.32994851665387,0.0,0.31003783030406,0.90735842079813,0.0,0.0,0.0,0.12799726939159,0.0,0.49207839121654,0.0,0.0,0.0,0.0,0.0,0.47216770486674,1.2970389965014,0.03413260517109,0.23323946866911,3.5981454617857,0.23608385243337,0.0,1.314105299087,0.028443837642575,0.0,0.028443837642575,0.0,0.0,0.0,0.0,0.062576442813664,0.0,0.0,0.0,0.0,0.0,0.0,0.059732059049407,0.0,0.0,0.0,0.0,0.0,1.3453935204938,0.039821372699605,0.0,0.0,0.32425974912535,0.059732059049407,0.0,0.076798361634952,0.0,0.0,0.082487129163467,0.10239781551327,0.059732059049407,0.0,1.0296669226612,0.0,2.3608385243337,0.25883892254743,0.0,0.0,0.0,0.0,0.0,0.1336860369201,0.0,0.0,0.0,0.0,0.071109594106437,0.14221918821287,0.0,0.0,0.03413260517109,0.12230850186307,0.21901754984783,0.042665756463862,0.11661973433456,0.0,0.0,0.0,0.0,0.088175896691982,0.17919617714822,0.0,0.0,0.0,0.16212987456268,0.50630031003783,0.21048439855505,0.0,0.0,0.0,0.22470631737634,0.0,0.0,0.27021645760446,0.0,0.0,0.0,0.0,0.0,0.0,0.0,0.03413260517109,0.0,0.0,0.0,0.0,0.093864664220497,0.0,1.3937480444862,1.8545382142959,0.0,0.0,0.0,0.0,0.0,0.43519071593139,2.3124840003413,0.0,0.0,0.099553431749012,0.03413260517109,0.69118525471457,0.0,0.0,1.2685951588588,0.036976988935347,0.10524219927753,0.0,3.0150467901129,0.0
AZM04N,0.0,0.26016260162602,0.0,0.0,0.030197444831591,1.0917537746806,0.044134727061556,0.0,0.8130081300813,0.032520325203252,0.46457607433217,0.60162601626016,0.0,0.0,0.0,0.12078977932636,0.0,0.0,0.88037166085947,0.0,0.0,10.176538908246,0.17421602787456,0.30662020905923,0.0,0.0,0.0,0.0,0.0,0.037166085946574,0.23228803716609,0.02787456445993,1.8420441347271,0.02787456445993,0.25087108013937,0.0,0.0,0.05342624854819999,0.0,0.99883855981417,0.1486643437863,0.08130081300813001,0.0,0.0,0.0,0.0,0.25087108013937,1.1149825783972,0.0,0.0,4.4134727061556,0.0,0.0,0.0,0.5598141695702701,0.22299651567944,0.51103368176539,1.0104529616725,0.34146341463415,0.0,0.0,0.0,0.10452961672474,0.0,0.0,0.0,0.0,0.0,1.6376306620209,0.058072009291521,0.6573751451800199,0.0,0.0,0.0,0.048780487804878,0.0,0.0,0.0,0.0,0.0,0.0,0.19976771196283,0.0,0.18583042973287,0.0,0.19744483159117,0.1718931475029,0.7944250871080101,0.0,0.025551684088269,0.02787456445993,0.05574912891986099,0.17421602787456,0.090592334494774,9.8002322880372,0.0,0.0,0.0,0.7038327526132401,0.0,0.68524970963995,0.92682926829268,0.065040650406504,0.0,0.0,0.0,0.0,0.078977932636469,2.5783972125436,0.0,0.065040650406504,0.7595818815330999,0.07665505226480801,0.0,0.0,0.023228803716609,0.032520325203252,0.0,0.037166085946574,0.21602787456446,1.8373983739837,0.0,0.0,0.039488966318235,0.0,0.0,0.0,0.02787456445993,0.0,0.0,0.0,0.13937282229965,0.0,0.0,0.44134727061556,0.0,1.5005807200929,0.46225319396051,0.0,0.0,0.0,0.0,0.0,0.0,0.023228803716609,0.0,0.0,0.39953542392567,0.0,0.0,0.0,0.041811846689895,0.0,0.0,0.030197444831591,0.05110336817653899,0.0,0.0,0.060394889663182,0.0,0.0,0.0,0.24622531939605,0.0,0.0,0.39256678281069,0.13704994192799,0.0,0.0,3.5284552845528,0.0,1.0963995354239,0.0,0.0,0.0,0.023228803716609,0.034843205574913,0.0,0.13472706155633,0.0,0.0,0.52032520325203,0.0,0.8246225319396099,4.534262485482,0.0,0.085946573751452,0.41114982578397,0.02787456445993,0.0,0.023228803716609,0.0,0.037166085946574,0.0,0.13008130081301,0.0,0.060394889663182,0.0,0.030197444831591,1.32868757259,0.025551684088269,0.0,0.0,0.0,0.097560975609756,1.7979094076655,0.15795586527294,0.40882694541231,0.22764227642276,0.0,0.51567944250871,0.0,0.0,0.0,0.078977932636469,0.9291521486643399,0.085946573751452,0.5876887340302,0.034843205574913,0.39256678281069,0.0,15.542392566783,0.20209059233449,0.0,0.0,0.0,0.0,0.0,0.037166085946574,0.0,1.4308943089431,0.074332171893148,0.037166085946574,0.63646922183508,0.0,1.739837398374,0.0,0.2137049941928,0.42044134727062,0.0,0.0,0.034843205574913,0.0,0.0,0.0,0.062717770034843,0.16957026713124,0.0,0.034843205574913,0.02787456445993,0.032520325203252,0.0,0.61788617886179,0.067363530778165,0.0,0.0,0.0,0.0,0.0,0.0,0.33449477351916,0.0,0.0,0.0,0.0,0.0,0.0,0.0,0.0,0.0,0.0,0.0,0.0,0.060394889663182,0.0,0.30429732868757,2.0743321718931,0.0,0.0,0.0,0.0,0.12078977932636,0.0,0.0,0.097560975609756,0.0,0.0,0.0,0.0,0.0,0.090592334494774,0.0,0.0,0.0,0.23925667828107,2.3948896631823,0.0
AZM04O,0.0,0.0,0.0,0.0,0.22388667263698,1.9376373850037,0.0,0.0,0.35821867621916,2.1655947244159,0.065130668403484,2.5808027354881,0.0,0.0,0.077342668729138,0.12212000325653,0.0,0.0,9.7126109256696,0.0,0.0,0.0,0.0,0.4803386794757,0.0,0.0,0.0,0.0,0.0,0.13026133680697,0.20760400553611,0.0,0.12212000325653,0.0,0.0,0.0,0.0,0.1384026703574,0.0,0.044777334527396,0.0,0.0,0.0,0.0,0.0,0.0,0.0,0.0,0.0,0.0,0.10583733615566,0.0,0.044777334527396,0.36228934299438,0.0,0.0,0.093625335830009,0.0,0.0,0.0,2.2103720589433,0.0,0.0,0.0,0.0,0.0,0.0,0.0,0.0,0.0,0.0,0.0,0.0,0.0,0.0,0.0,0.0,0.0,0.10176666938044,0.47219734592526,0.0,0.19539200521045,0.0,0.6879426850118,0.0,0.0,0.0,0.23202800618741,0.0,0.0,1.4532280387527,0.0,0.093625335830009,0.0,2.1248880566637,0.0,0.0,0.0,0.0,0.15468533745828,3.5089147602377,1.8073760481967,0.0,0.0,0.0,0.08141333550435599,0.21981600586176,0.0,0.26866400716437,0.0,0.0,0.0,0.80599202149312,0.0,0.0,0.0,0.0,0.0,0.0,0.60245868273223,18.928600504763,0.0,0.45184401204917,0.0,0.0,0.17910933810958,0.17096800455915,0.4152080110722099,0.21574533908654,0.0,0.0,0.085484002279573,0.15061467068306,0.14247333713262,0.54546934787918,0.0,0.74900268664007,0.0,0.0,0.0,0.0,0.6228120166083201,0.069201335178702,0.0,0.0,0.0,0.0,0.07327200195392,0.0,0.0,0.0,0.0,0.0,0.0,0.0,0.39892534397134,0.0,0.077342668729138,0.17096800455915,0.0,0.0,0.12212000325653,0.70829601888789,0.0,0.0,0.37043067654482,0.0,0.0,0.0,0.0,0.0,0.38264267687047,0.19132133843524,1.4817227061793,0.0,0.11804933648132,0.0,0.044777334527396,0.0,0.0,0.0,0.069201335178702,0.0,0.040706667752178,1.4288040381014,0.23609867296263,0.052918668077831,0.0,0.0,0.0,0.0,0.0,0.0,0.0,0.093625335830009,0.0,0.0,0.0,0.0,0.040706667752178,0.0,0.061060001628267,0.0,0.069201335178702,0.0,0.0,0.0,0.0,0.0,0.0,0.052918668077831,0.0,0.34193600911829,0.0,0.16282667100871,0.0,0.0,0.0,0.0,1.8847187169258,0.0,8.97174957258,0.0,0.0,0.056989334853049,0.0,0.0,0.0,3.346088089229,0.0,0.0,0.0,0.0,0.20353333876089,0.0,0.4477733452739601,0.0,0.0,0.0,0.0,0.0,0.0,0.0,0.0,0.069201335178702,0.0,0.0,0.0,0.12212000325653,0.0,0.0,0.0,0.19539200521045,0.069201335178702,0.0,0.0,0.0,0.0,0.9647480257266101,0.0,0.0,0.093625335830009,0.0,0.0,0.0,0.0,0.0,0.0,0.0,0.10583733615566,0.0,0.0,0.0,0.0,0.0,0.29308800781568,1.0502320280062,0.0,0.0,0.0,0.19946267198567,0.0,0.0,0.0,0.044777334527396,0.0,0.0,0.0,0.0,0.0,0.0,0.0,0.0,0.0,8.8048522347961,3.4112187576325,1.4532280387527
AZM04P,3.0305501195912,0.077462491846053,0.0,0.0,0.01766688410524,0.5666992824527101,0.0,0.014948901935203,0.057077625570776,0.031256794955425,0.0,0.9567297238530101,0.0,0.0,0.0,0.18889976081757,0.0,0.020384866275277,2.8837790824092,0.0,0.029897803870407,4.8203413785606,0.0,0.20792563600783,0.059795607740813,0.0,0.50826266579691,0.029897803870407,0.0,0.0,0.13454011741683,0.1834637964775,0.39954337899543,0.0,0.0,0.0,0.08018047401608999,0.0,0.0,0.048923679060665,0.031256794955425,0.18754076973255,0.0,0.0,0.0,0.0,0.0,0.64823874755382,0.0,0.0,1.2353228962818,0.0,0.12774516199174,0.0,0.0,0.0,0.0,0.013589910850185,0.0,0.146771037182,0.0,0.0,0.5612633181126301,0.043487714720591,0.01766688410524,0.0,0.0,0.0,3.0495759947815,0.0,7.129267232007,0.0,0.146771037182,0.0,0.0,0.1032833224614,0.016307893020222,0.016307893020222,0.025820830615351,0.0,4.082409219395499,0.0,0.0,0.076103500761035,0.0,0.15084801043705,0.016307893020222,0.8099586866710201,0.0,0.0,0.039410741465536,0.146771037182,0.89013916068711,0.038051750380518,35.598771472059,0.0,0.0,0.0,0.08018047401608999,0.0,0.5150576212219999,0.2500543596434,0.0,0.0,0.0,0.24869536855838,0.0,0.0,2.9952163513807,0.0,0.0,0.042128723635573,0.0,0.0,0.0,0.0,0.028538812785388,0.0,0.30577299412916,0.019025875190259,1.178245270711,0.0,0.0,0.0,0.0,0.0,0.0,0.0,0.0,0.3084909762992,0.059795607740813,0.59252011306806,0.0,0.0,1.4649923896499,0.0,0.8656773211567701,0.0,0.0,0.0,0.83577951728637,0.0,0.0,0.0,0.0,0.0,0.0,0.0,0.0,0.0,0.0,0.0,0.0,0.0,0.033974777125462,0.020384866275277,0.01766688410524,0.0,0.0,0.0,0.0,0.013589910850185,0.10464231354642,0.0,0.020384866275277,0.076103500761035,0.088334420526201,0.0,0.0,0.0,0.0,0.21743857360296,0.013589910850185,0.0,0.0,0.0,0.0,0.0,0.13046314416177,0.0,0.048923679060665,0.046205696890628,0.0,0.62241791693846,0.69308545335943,0.0,0.0,0.16851489454229,0.077462491846053,0.0,0.057077625570776,0.092411393781257,0.10736029571646,0.061154598825832,0.055718634485758,0.066590563165906,0.082898456186127,0.0,0.0,1.2067840834964,0.078821482931072,0.0,0.0,0.013589910850185,0.46613394216134,1.1279626005653,0.0,0.37100456621005,0.019025875190259,0.3016960208741,0.2867471189389,0.0,0.0,0.0,0.08969341161121999,2.2233094150902,0.076103500761035,0.0,0.0,0.082898456186127,0.0,2.648673624701,0.82898456186127,0.0,0.0,0.013589910850185,0.0,0.0,0.01766688410524,0.0,0.0,0.0,0.02717982170037,0.081539465101109,0.0,0.1100782778865,0.0,0.12366818873668,0.29897803870407,0.0,0.0,0.25141335072842,0.0,0.0,0.0,0.0,0.56398130028267,0.0,0.29082409219396,0.0,0.0,0.085616438356164,0.21472059143292,0.082898456186127,0.0,0.0,0.0,0.0,0.0,0.0,0.14269406392694,0.058436616655795,0.11959121548163,0.0,0.16579691237225,0.02717982170037,0.0,0.0,0.0,0.0,0.0,0.0,0.0,0.0,0.055718634485758,0.20928462709285,0.32887584257447,0.0,0.0,0.0,0.0,0.0,0.16851489454229,0.0,0.1834637964775,0.14133507284192,0.0,0.39954337899543,0.1032833224614,0.0,0.0,0.0,0.067949554250924,1.0491411176343,0.0,0.54223744292237,0.0
AZM04Q,0.0,0.11884908083654,0.015335365269232,0.0,0.036421492514425,11.259033488604,0.0,0.0,0.18977514520674,0.013418444610578,0.013418444610578,3.7006153315314,0.0,0.9555849483389899,0.40063641765867,0.43609944984377,0.0,0.0,4.0590794946997,0.014376904939905,0.0095846032932697,0.15814595433895,0.62491613472118,0.56069929265628,0.0,0.080510667663465,1.2229953802212,0.0,0.0,0.066133762723561,0.012459984281251,3.0373607836372,0.045047635478368,0.0,0.13035060478847,0.066133762723561,0.0,1.5939195276707,0.069009143711542,1.7520654820097,0.03162919086779,4.8699369333103,1.7252285927885,0.017252285927885,0.0,0.0,0.011501523951924,2.010849770928,0.033546111526444,0.21948741541588,31.409703452374,0.090095270956735,0.0,0.08242758832211901,0.0,0.0,1.3274675561179,0.049839937125002,0.087219889968754,0.48593938696877,0.0,0.0,0.0,0.30862422604328,0.0,0.0,0.05367377844230999,0.0,0.077635286675484,0.0,0.1706059386202,0.0,0.24440738397838,0.0,0.0,0.013418444610578,0.0,0.0,0.0,0.0,0.0,0.0,0.010543063622597,4.3878313876589,1.0725171085169,0.0,2.0587727873943,0.023003047903847,0.0,0.0,0.0,0.0,0.14376904939905,0.0,0.078593747004811,0.0,0.0,0.0,0.0,0.08530296931010001,0.04121379416106,0.0,0.0,0.0,0.0,0.13993520808174,0.0,1.3159660321659,0.69392527843273,0.0,0.0,0.024919968562501,0.011501523951924,0.0,0.0,0.0,0.0,0.0,0.0,0.0,1.6293825598558,0.0,0.0,0.0,0.0,0.0,0.0,0.0,0.0,0.0,0.0,0.0,0.0,0.0,0.010543063622597,0.0,0.0095846032932697,0.0,0.0,0.0,0.0,0.0,0.054632238771637,0.0,0.0,0.0,0.0,0.0,0.0,0.0,0.0,0.0,0.021086127245193,0.0,0.0095846032932697,0.0,0.019169206586539,0.0,0.0,0.0,0.0,0.0,0.017252285927885,0.016293825598558,0.0,0.0,0.0,0.0,0.0,0.0,0.03162919086779,0.0,0.0,0.0,0.0,0.0,0.0,0.0,0.021086127245193,0.050798397454329,0.069009143711542,1.656219449077,0.0,0.075718366016831,0.20223512948799,0.0,0.0,0.17443977993751,0.0,0.024919968562501,0.10638909655529,0.0,0.0,0.0,0.0,0.16293825598558,0.0,0.0,0.0,0.0,0.0,0.0,0.09201219161538901,0.0,0.0,0.0,0.98817259953611,0.85590507408898,0.0,0.0,0.0,0.0,0.0,0.0,0.10926447754327,0.0,0.0,0.0,0.0,1.9006268330554,0.0,0.0,0.0,0.0,0.0,0.016293825598558,0.0,0.0,0.030670730538463,0.0,0.035463032185098,0.12651676347116,0.0,0.0,0.0095846032932697,0.46677018038223,0.038338413173079,0.0,0.0,0.029712270209136,0.0,0.0,0.0,0.0,0.0,0.010543063622597,0.0,0.03162919086779,0.010543063622597,0.016293825598558,0.0,0.012459984281251,0.10638909655529,0.023003047903847,0.011501523951924,0.0,0.0,0.0,0.0,0.0,0.10063833457933,0.042172254490387,0.0,0.0,0.0,0.0,0.038338413173079,0.0,0.12555830314183,0.0095846032932697,0.0,0.0,0.18977514520674,0.0,0.026836889221155,0.028753809879809,0.09201219161538901,0.0,0.0,0.0,0.15910441466828,0.0,0.14951981137501,0.0,0.13801828742308,0.03162919086779,0.0,0.0,0.0,0.0,0.0,0.0,0.055590699100964,0.034504571855771,0.0,0.014376904939905,0.0
AZM04R,0.11260081701058,0.091651827799309,0.0,0.0,0.10736356970776,2.2729653294229,0.0,0.060228343982403,0.0,0.0,0.0,0.5787158269613499,0.0,0.078558709542265,0.0,0.11260081701058,0.73583324604588,0.0,0.06546559128522,0.0,0.0,0.0,1.1862365140882,1.4769037393946,0.0,0.0,0.24091337592961,0.21210851576411,0.0,1.2438462344192,0.07594008589085599,0.0,0.0,0.0,0.0,0.0,0.0,0.0,0.0,0.068084214936629,0.086414580496491,0.42945427883105,0.0,0.0,0.0,0.0,0.0,0.14664292447889,0.0,0.052372473028176,6.2742222687755,0.0,0.0,0.0,0.0,0.0,0.0,0.0,0.0,0.04451660207395,0.0,0.0,0.45302189169373,0.18330365559862,0.028804860165497,0.0,0.0,0.0,1.5764114381481,0.0,0.5525295904472599,0.0,0.0,0.0,0.0,0.0,0.034042107468315,0.20163402115848,0.0,0.0,3.1502042526448,0.0,0.0,1.2176599979051,1.377396040641,0.416361160574,0.081177333193673,2.1210851576411,0.073321462239447,0.0,0.36137006389442,0.0,1.2595579763276,0.11521944066199,21.39415523201,0.0,0.0,0.0,0.0,0.0,1.4271498900178,7.020530009427,0.054991096679585,0.0,0.0,0.95841625641563,0.0,0.7122656331832,0.4556405153451299,0.0,0.31947208547188,0.10474494605635,0.35089556928878,0.0,0.036660731119723,0.0,0.0,0.0,0.0,0.34565832198596,0.30114171991201,0.0,0.46087776264795,0.0,0.0,0.0,0.0,0.0,0.0,0.099507698753535,0.0,2.6343353933173,0.0,0.0,1.0291190950037,0.0,0.8615271813134999,0.0,0.0,0.17282916099298,0.82224782654237,0.0,0.15449879543312,0.14402430082749,0.0,0.0,0.0,0.049753849376768,0.0,0.0,0.0,0.0,0.0,0.0,0.0,0.0,0.0,0.0,0.0,0.0,0.0,0.0,0.10474494605635,0.31685346182047,0.070702838588038,0.039279354771132,0.0,0.0,0.0,0.0,0.0,0.10736356970776,0.0,0.0,0.0,0.0,0.0,0.0,0.7175028804860201,0.0,0.07594008589085599,0.16759191369016,0.17282916099298,0.0,0.93746726720436,0.0,0.0,0.0,0.0,0.0,0.25400649418666,0.0,0.0,0.1492615481303,0.22520163402116,0.0,0.0,0.0,0.1178380643134,0.2959044726092,0.0,0.028804860165497,0.0,0.0,0.0,0.65989316015502,0.06546559128522,0.0,0.0,0.096889075102126,0.7096470095317899,0.0,0.0,0.0,0.1780664082958,0.19901539750707,0.34042107468315,0.049753849376768,0.0,0.19901539750707,0.034042107468315,1.4088195244579,1.3616842987326,0.0,0.0,0.0,0.0,0.0,0.026186236514088,0.0,0.0,0.0,0.0,0.0,0.0,0.22258301036975,0.0,0.049753849376768,0.31685346182047,0.0,0.052372473028176,0.0,0.031423483816906,0.0,0.0890332041479,0.0,0.0,0.0,0.14140567717608,0.0,0.0,0.0,0.0,0.0890332041479,0.04451660207395,0.0,0.0,0.45302189169373,0.0,0.0,0.64680004189798,0.0,0.0,0.20425264480989,0.0,0.0,0.0,0.0,0.0,0.0,0.0,0.0,0.0,0.07594008589085599,0.0,0.0,0.49230124646486,0.0,0.0,0.0,0.38755630040851,0.0,0.0,0.0,0.031423483816906,0.13878705352467,0.0,0.0,0.047135225725359,0.0,0.0,0.0,0.099507698753535,13.378548235048,0.77511260081701,1.3171676966586,0.0
AZM04S,0.6670107595188001,0.036725294794934,0.0,1.3628062095525,2.8139516417199,8.9570016278239,0.014888633024973,0.021836661769961,0.51316155159408,0.20645571127963,1.099773692778,23.592527891373,0.0,0.0,0.0,0.0,0.0099257553499821,0.0,0.018858935164966,0.0,0.0,0.0,0.1647675388097,3.7757573351332,0.0,0.0,0.050621352284909,0.0,0.0,0.090324373684837,0.0555842299599,0.0,0.13002739508477,0.0,0.0,0.0,0.0,0.042680748004923,0.022829237304959,0.02779211497995,0.29578750942947,0.0,0.0,0.047643625679914,0.0,0.0,0.0,0.013896057489975,0.019851510699964,0.0,0.43772581093421,0.0,0.0,0.0,0.0,0.0,0.22630722197959,0.025806963909954,0.017866359629968,0.0,0.020844086234962,0.0,0.0,0.01091833088498,0.0,0.0,0.10223528010482,0.0,0.028784690514948,0.0,0.23821812839957,0.0,0.0,0.030769841584945,0.076428316194862,0.021836661769961,0.036725294794934,0.06650256084488,0.0,0.0,2.196569658951,0.0,0.0,0.0,0.0,0.0,0.0,0.17866359629968,0.0,0.10223528010482,0.32357962440942,0.0,0.020844086234962,0.0,0.045658474609918,0.0,0.0,0.0,0.26303251677453,0.0,0.54988684638901,0.096279826894827,0.0,0.0,0.0,0.039703021399929,0.0,0.34839401278437,1.9643069837615,0.0,0.0,0.096279826894827,0.05359907888990401,0.026799539444952,0.0,0.0,0.0,0.0,0.0,0.0,1.9911065232064,0.0,0.4943026164291101,0.0,0.0,0.21439631555961,0.011910906419979,0.0,0.0,0.04962877674991101,0.0,0.033747568189939,0.0,0.18164132290467,1.5365069281772,0.0,1.3657839361575,0.029777266049946,0.0,0.3335053797594,0.0,0.0,0.22729979751459,0.0,0.0,0.01687378409497,0.0,0.086354071544845,0.032754992654941,0.0,0.0,0.017866359629968,0.0,0.030769841584945,0.0,0.18759677611466,0.0,0.0,0.046651050144916,0.0,0.015881208559971,0.0,0.36626037241434,0.0,0.29777266049946,1.5960614602771,0.6074562274189099,0.08933179814983899,0.040695596934927,0.0,0.18461904950967,0.14590860364474,0.0,0.0,0.0,0.0099257553499821,0.0,0.13201254615476,0.15881208559971,0.0,0.025806963909954,0.40199309167428,1.690356136102,0.0,0.98959780839322,0.0,0.018858935164966,0.0,0.022829237304959,0.0,0.020844086234962,0.031762417119943,0.04863620121491199,0.017866359629968,0.018858935164966,0.0,0.059554532099893,0.0,0.025806963909954,0.21241116448962,0.0,0.0,0.015881208559971,0.0,0.0,0.5002580696391,0.058561956564895,0.0,0.0,0.29479493389447,0.12903481954977,0.0,0.0,0.0,0.0,0.42382975344424,0.18561162504467,0.0,0.0,0.15682693452972,0.0,11.314368523445,0.48933973875412,0.42581490451423,0.0,0.0,0.0,0.050621352284909,0.18461904950967,0.029777266049946,0.0,0.0099257553499821,0.050621352284909,0.019851510699964,0.0,0.54889427085401,0.045658474609918,0.03871044586493,0.065509985309882,0.0,0.0,0.0,0.0,0.0,0.0,0.084368920474848,0.054591654424902,0.0,0.023821812839957,0.012903481954977,0.020844086234962,0.09925755349982099,0.32854250208441,0.041688172469925,0.011910906419979,0.0,0.0,0.022829237304959,0.0,0.073450589589868,0.07245801405487,0.05359907888990401,0.0,0.0,0.028784690514948,0.073450589589868,0.073450589589868,0.068487711914877,0.043673323539921,0.0,0.032754992654941,0.63822606900385,0.0,0.050621352284909,0.17072299201969,0.13201254615476,0.6134116806289001,0.034740143724937,0.0,0.04466589907492,0.015881208559971,0.050621352284909,0.05756938102989601,0.0,0.0,0.0,0.01091833088498,0.014888633024973,1.5325366260372,0.0,0.0,0.22928494858459,0.0,0.07245801405487,6.557946559733201,1.5633064676222,0.0
AZM04T,1.2464444091094,0.39133584212293,0.023851168707267,0.0,0.0,1.1704740198936,0.016784155756965,0.0,0.074203635978163,0.019434285613328,0.0,4.3135280295401,0.0,0.9460963587215799,0.0,0.036218441370294,0.43462129644353,0.0,0.0,0.0,0.0,0.0,0.06183636331513601,0.10777194749209,0.0,0.0,0.4151870108302,0.0,0.24646207664176,0.67136623027862,0.010600519425452,0.0,0.0,0.0,0.0,0.0,0.059186233458773,0.13162311619936,0.10247168777937,0.079503895690889,0.11130545396724,0.53797636084168,0.0,0.0,0.0,0.0,0.09805480468543001,0.091871168353916,0.0,0.24734545326054,25.726577268953,0.0,0.0,0.0,0.10070493454179,3.8329711489196,2.7799862193247,0.0,0.0,0.0,0.0,0.0,0.029151428419993,0.0,0.0,0.0,0.0,0.0,0.32684934895143,0.0,0.26059610254236,0.0,0.0,0.0,0.0,0.0,0.017667532375753,0.090104415116341,0.0,0.0,1.4990901220826,0.0,0.0,0.088337661878765,0.0,0.05653610360240999,0.0,0.22437766117206,0.0,0.59009558135015,0.36748467341566,0.0,0.079503895690889,0.0,0.13780675253087,0.0,0.0097171428066642,0.0,0.010600519425452,0.04151870108302,0.38691895902899,7.6597586615077,0.098938181304217,0.0,0.0,0.20229324570237,0.017667532375753,0.31359869966962,0.042402077701807,0.0,0.04416883093938299,0.13427324605572,0.23056129750358,0.0,0.017667532375753,0.0,0.0,0.0,0.0,0.0,0.082154025547252,0.0,0.014134025900602,0.0,0.0,0.0,0.0,0.0,0.0,0.14045688238724,0.0,14.459991872935,0.0,0.10688857087331,0.18197558347026,0.0,0.23056129750358,0.0,0.0,0.0,0.0,0.0,0.022084415469691,0.03003480503878,0.0,0.0,0.0,0.047702337414533,0.0097171428066642,0.010600519425452,0.0,0.014134025900602,0.0,0.029151428419993,0.31713220614477,0.0,0.0,0.0,0.0,0.0,0.0,0.0,0.094521298210279,0.029151428419993,0.0,0.057419480221198,0.0,0.0,0.0,0.0,0.0,0.16960831080723,0.0,0.0,0.0,0.0,0.0,0.0,1.5803607710111,0.0,1.8365399904595,7.970707231321001,0.19964311584601,0.0097171428066642,0.60157947739439,0.0,0.036218441370294,0.0,0.0,0.0,0.032684934895143,0.0,2.620978427943,0.0,0.0,0.037101817989081,0.22437766117206,0.0,0.20140986908359,0.34628363456476,0.0,0.0,0.0,0.0,0.0,0.40635324464232,0.0,0.0,0.0,0.13957350576845,0.29946467376901,0.01148389604424,0.0,0.0,0.0,0.74998674935072,0.090104415116341,0.0,0.0,1.0211833713185,0.0,0.33568311513931,0.85599194360524,0.0,0.0,0.0,0.0,0.0,0.015900779138178,0.0,0.1501740251939,0.0,0.0097171428066642,0.20847688203389,0.0,0.25087895973569,0.010600519425452,0.039751947845444,0.082154025547252,0.0,0.029151428419993,0.0,0.0,0.0,0.01501740251939,0.0,0.0,0.0,0.021201038850904,0.0,0.0,0.05300259712725899,0.042402077701807,0.028268051801205,0.0,0.0,0.0,0.039751947845444,0.0,0.035335064751506,0.062719739933923,0.0088337661878765,0.0,0.066253246409074,0.0,0.012367272663027,0.042402077701807,0.014134025900602,0.017667532375753,0.016784155756965,0.0,0.024734545326054,0.0088337661878765,0.019434285613328,0.15989116800057,0.034451688132719,0.44698856910655,0.15194077843148,0.0,0.0,0.0,0.0,0.07773714245331399,0.0,0.18639246656419,0.035335064751506,0.0,0.0,0.34893376442112,0.0,0.021201038850904,0.0,0.0,1.2278935001148,0.67401636013498,1.1678238900373,0.0
AZM04U,0.0,0.14944356120827,0.0,0.0,0.0,0.78537360890302,0.0,0.0,0.93799682034976,0.20985691573927,0.25119236883943,0.3275039745628,0.0,0.0,0.0,0.89348171701113,0.0,0.68680445151033,4.060413354531,0.073131955484897,0.05087440381558,36.683624801272,0.0,0.55961844197138,0.0,0.0,0.031796502384738,0.0,0.0,0.038155802861685,0.10174880763116,0.66772655007949,2.1494435612083,0.14308426073132,0.99841017488076,0.0,0.17806041335453,0.19077901430843,0.0,1.751987281399,0.0,0.27344992050874,0.0,0.0,0.0,0.0,0.37201907790143,0.28298887122417,0.0,0.0,2.0635930047695,0.0,0.0,0.0,0.0,0.0,0.53736089030207,3.949125596184401,0.68362480127186,0.0,0.0,0.0,0.48330683624801,0.0,0.0,0.0,0.0,0.0,0.16534181240064,0.0,0.0,0.0,0.60095389507154,0.15262321144674,0.0,0.14308426073132,0.0,0.0,0.0,0.0,0.11764705882353,0.13672496025437,0.0,0.0,0.0,0.13036565977742,0.0,0.14626391096979,0.0,0.0,0.057233704292528,0.20031796502385,0.28934817170111,2.5278219395866,1.1255961844197,0.0,0.0,0.0,0.22575516693164,0.0,1.0015898251192,5.526232114467399,0.33704292527822,0.0,0.0,0.06041335453100199,0.0,0.11446740858506,0.18441971383148,0.0,0.0,0.0,0.069952305246423,0.0,0.0,0.0,0.0,0.0,0.0,0.07949125596184399,1.2400635930048,0.0,0.034976152623211,0.0,0.0,0.0,0.0,0.092209856915739,0.0,0.0,0.0,0.78219395866455,0.0,0.0,0.29252782193959,0.0,0.71224165341812,0.0,0.0,0.0,0.0,0.0,0.0,0.10174880763116,0.0,0.0,0.55643879173291,0.15580286168521,0.0,0.0,0.0,0.0,0.0,0.0,0.0,0.044515103338633,0.38155802861685,0.0,0.0,0.0,0.0,0.031796502384738,0.13990461049285,0.16852146263911,0.0,0.08585055643879201,0.0,0.0,0.041335453100159,0.0,0.0,0.0,0.0,0.0,0.05087440381558,0.0,0.0,0.0,0.0,0.0,0.0,0.67726550079491,0.0,0.10810810810811,0.6263910969793299,0.0,0.0,0.092209856915739,0.034976152623211,0.18759936406995,0.44197138314785,0.0,0.05087440381558,0.0,0.0,0.0,0.0,0.0,0.0,0.10174880763116,0.047694753577107,0.0,0.0,0.0,0.057233704292528,1.3322734499205,0.0,0.4006359300476899,0.0,0.0,0.0,0.0,0.0,0.0,3.0651828298887,0.0,0.0,0.0,0.0,0.07631160572337,0.0,0.41335453100159,0.047694753577107,0.20031796502385,0.0,0.0,0.0,0.0,0.36883942766296,0.0,0.0,0.0,0.031796502384738,0.0,0.0,3.087440381558,0.0,0.23847376788553,0.3147853736089,0.0,0.0,0.0,0.0,0.0,0.0,0.0,0.13036565977742,0.031796502384738,0.20349761526232,0.0,0.0,0.0,0.0,0.09856915739268698,0.0,0.0,0.044515103338633,0.0,0.0,0.0,0.20031796502385,0.0,0.092209856915739,0.0,0.0,0.054054054054054,0.0,0.0,0.0,0.0,0.054054054054054,0.0,0.0,0.08585055643879201,0.044515103338633,0.073131955484897,0.069952305246423,0.0,0.066772655007949,0.0,0.038155802861685,0.0,0.13672496025437,0.0,0.0,0.0,0.0,0.0,0.0,0.0,0.0,0.16534181240064,0.0,0.43879173290938,0.0,1.1001589825119,0.0
AZM04V,0.0,0.048899072314742,0.0,0.0,0.0,0.88437465072091,0.0,0.13971163518498,0.0,0.0,0.0,10.423885101151,0.19839052196267,0.0,0.0,0.0,4.3492232033084,0.0,0.013971163518498,0.0,0.016765396222197,0.0,0.69296971051749,0.68179277970269,0.0,0.0,0.0,0.013971163518498,0.0,0.0,0.14809433329608,0.06007600312954101,0.14809433329608,0.0,0.0,0.0,0.0,0.0,0.0,0.015368279870348,0.49737342125852,0.0,0.0,0.0,0.013971163518498,0.0,0.22633284899966,0.0,0.0,0.0,3.506762043143,0.0,0.0,0.0,0.12015200625908,0.0,0.87459483625796,0.17743377668492,0.046104839611043,0.0,0.32413099362915,0.0,0.9891583771096499,0.10059237733318,0.0,0.033530792444395,0.0,0.0,0.0,0.0,0.30457136470325,0.016765396222197,0.0,0.0,0.0,0.0,0.039119257851794,0.081032748407287,0.0,0.0,2.5092209679222,0.0,0.037722141499944,0.45825416340673,0.0,3.9231027159942,0.0,3.7498602883648,0.0,0.0,1.3677769084609,0.0,6.1123840393428,0.053090421370292,7.5360456018777,0.0,0.026545210685146,0.0,0.016765396222197,0.0,0.88716888342461,0.43729741812898,0.029339443388845,0.0,0.0,0.022353861629597,0.23890689616631,0.0,0.38700122946239,0.0,0.0,0.0,0.63289370738795,0.0,0.0,0.0,0.0,0.0,0.0,0.34089638985135,1.190343131776,0.31854252822175,0.0,0.0,0.0,0.15088856599978,0.0,0.0,0.0,3.3223426846988,0.0,5.6052308036213,0.0,0.0,1.4823404493126,0.0,0.8494467419246701,0.0,0.0,0.018162512574047,0.0,0.0,0.0,0.0,0.0,0.0,0.0,0.0,0.0,0.06287023583324,0.06287023583324,0.0,0.0,0.0,0.046104839611043,0.055884654073991,0.0,0.0,0.0,0.0,0.0,0.0,0.078238515703588,0.0,0.023750977981446,0.18022800938862,0.0,0.0,0.0,0.0,0.0,0.24449536157371,0.0,0.0,0.0,0.0,0.0,0.0,1.7422040907567,0.0,0.88158041801721,1.8106627919973,0.088018330166536,0.13552028612943,2.0914831787191,0.0,0.030736559740695,0.23890689616631,0.0,0.0,0.0,0.06985581759248899,2.7187884206997,0.0,0.0,0.019559628925897,0.019559628925897,0.0,0.071252933944339,0.058678886777691,0.0,0.0,0.0,0.048899072314742,0.0,1.3272605342573,0.0,1.6527886442383,0.0,0.0,0.45965127975858,0.0,0.0,0.026545210685146,0.0,3.1197608136806,0.0,0.0,0.0,4.1675980775679,0.0,0.73488320107299,0.0,0.0,0.0,0.0,0.081032748407287,0.0,0.74745724823963,0.0,1.1805633173131,0.0,0.0,0.12574047166648,0.0,0.12853470437018,0.036325025148094,0.25148094333296,0.09919526098133499,0.0,0.0,0.0,0.037722141499944,0.0,0.0,0.10618084274058,0.16485972951827,0.0,0.018162512574047,0.0,0.020956745277747,0.0,0.0,0.0,0.0,0.0,0.0,0.0,0.0,0.0,0.039119257851794,0.057281770425841,0.0,0.0,0.0,0.0,0.0,0.0,0.0,0.0,0.0,0.0,0.0,0.0,0.0,0.77120822622108,0.22074438359227,0.0,0.0,0.082429864759137,0.0,0.030736559740695,0.34648485525875,0.0,0.079635632055438,0.0,0.44987146529563,0.068458701240639,0.0,0.075444282999888,0.04470772325919301,0.76841399351738,0.0,2.6517268358109,0.033530792444395,0.34089638985135,0.0
AZM04W,0.0,0.13338550188518,0.0,0.0,0.0,0.82343316497119,0.0,0.0,0.0,0.0,0.0,2.0150103151455,0.0,0.037347940527851,0.0,0.028455573735505,0.0,0.0,0.33079604467525,0.0,0.0,0.026677100377036,0.017784733584691,0.19029664935619,0.0,0.0,0.0,0.0,0.021341680301629,0.40904887244789,0.071138934338764,0.37170093192004,0.0,0.026677100377036,0.10137298143274,0.14227786867753,0.0,0.12627160845131,0.0,0.0,0.0,0.0,0.0,0.0,0.0,0.0,0.0,3.8770719214626,0.0,0.037347940527851,11.227502312015,0.0,0.0,0.0,0.0,0.0,0.83054705840507,0.0,0.0,0.0,0.0,0.0,2.9238102013232,1.6539802233763,0.0,0.0,0.0,0.0,0.44995375969268,0.0,0.06402504090488699,0.0,0.0,0.0,0.0,0.0,0.0,0.0,0.0,0.0,0.0,0.0,0.0,0.046240307320196,0.46418154656043,0.14049939531906,0.021341680301629,0.23831543003486,0.0,0.0,0.0,0.044461833961727,0.0,0.2187522230917,4.8659031087714,0.0,0.0,0.0,0.10492992814968,0.0,1.2680515045885,1.7464608380166,0.040904887244789,0.0,0.0,0.051575727395604,0.0,0.0,0.0,0.0,0.0,0.087145194564985,0.13516397524365,0.0,0.0,0.0,0.0,0.0,0.0,0.2187522230917,0.083588247848047,0.0,0.0,0.0,0.0,0.0,0.0,0.023120153660098,0.0,0.0,0.023120153660098,0.43928291954187,0.0,0.0,0.026677100377036,0.0,0.2187522230917,0.0,0.0,0.0,9.6926798036565,0.0,0.0,0.0,0.0,0.0,0.0,0.0,0.0,0.0,0.0,0.0,0.0,0.028455573735505,0.0,0.0,0.0,0.0,0.0,0.0,0.0,0.0,0.21163832965782,0.0,0.0,0.0,0.0,0.0,0.0,0.0,0.0,0.0,0.0,0.0,0.035569467169382,0.0,0.0,0.0,4.506651490360699,0.0,0.0,0.19029664935619,0.0,0.33257451803372,0.52998506082379,0.0,0.0,0.59045315501174,0.0,0.0,0.03912641388632,0.0,0.0,0.017784733584691,0.044461833961727,0.049797254037135,0.0,0.0,0.0,0.0,0.060468094187949,0.0,0.0,1.1737924165896,0.01956320694316,2.2604396386142,0.24542932346873,1.4530127338692,0.0,0.0,0.1493917621114,0.0,0.0,0.028455573735505,0.0,3.4431244219962,0.0,0.0,0.0,0.0,0.0,0.42683360603258,0.032012520452444,0.0,0.0,0.0,0.0,0.0,0.0,0.0,1.0421853880629,0.0,0.0,5.127338692466401,0.32723909795831,0.36280856512769,0.0,0.19207512271466,0.54599132105001,0.0,0.0,0.0,0.033790993810913,0.044461833961727,0.033790993810913,0.0,0.43039055274952,0.033790993810913,0.0,0.0,0.0,0.0,0.023120153660098,0.0,0.0,0.0,0.0,0.0,0.0,0.017784733584691,0.49263712029594,0.15650565554528,0.0,0.0,0.0,0.0,0.0,0.0,0.0,0.0,0.0,0.0,0.0,0.0,0.0,5.924094757060501,0.16895496905456,0.0,0.0,0.0,0.0,0.0,14.684854520879,0.24898627018567,0.2703279504873,0.0,0.0,0.0,0.0,0.0,0.0,0.0,1.0599701216476,0.0,0.0,5.258945720993101,0.0
AZM04X,0.0,0.088800088800089,0.076114361828648,0.0,0.0,0.12685726971441,0.0,0.041228612657184,0.0,0.0,0.0,9.2066663495235,0.0,0.0,0.0,0.0,4.4733044733045,0.0,0.0,0.0,0.0,0.0,0.036471465042894,0.24102881245738,0.0,0.0,0.0,0.0,0.034885749171463,0.80554366268652,0.10307153164296,0.0,0.13002870145727,0.04915719201433499,0.0,0.0,0.0,0.0,0.0,0.0,0.44875759161473,0.04915719201433499,0.32665746951461,0.0,0.0,0.025371453942883,0.038057180914324,0.19662876805734,0.0,0.019028590457162,3.3918462489891,0.0,0.0,0.0,0.0,0.0,0.34568605997177,0.0,0.0,0.015857158714302,0.0,0.0,0.74528645957217,0.050742907885765,0.0,0.0,0.0,0.0,1.5952301666587,0.0,0.92447235304378,0.0,0.0,0.0,0.0,0.0,0.0,0.20297163154306,0.015857158714302,0.0,3.1270316984603,0.060257203114346,0.057085771371486,0.0,0.034885749171463,0.38850038850039,0.04915719201433499,0.62794348508634,0.023785738071452,0.0,0.5994005994006,0.9482580911152301,3.1064173921317,1.5587587016158,16.651602365888,0.065014350728636,0.0,0.0,0.042814328528614,0.0,0.25688597117169,0.57085771371486,0.0,0.0,0.019028590457162,0.0,0.0,0.16491445062874,0.90544376258662,0.0,0.0,0.10782867925725,0.038057180914324,0.0,0.026957169814313,0.065014350728636,0.0,0.0,0.0,0.077700077700078,1.0481581910153,0.0,0.12051440622869,3.2427889570747,0.063428634857206,0.0,0.0,0.0,0.0,0.015857158714302,0.0,2.9415029415029,0.0,0.019028590457162,0.26957169814313,0.0,0.96252953395811,0.0,0.0,0.047571476142905,0.0,0.0,0.0,0.0,0.0,0.23627166484309,0.0,0.077700077700078,0.0,0.0,0.025371453942883,0.10148581577153,0.0,0.58037200894344,0.0,0.028542885685743,0.0,0.0,0.0,0.0,0.0,0.0,0.21407164264307,0.0,0.0,0.042814328528614,0.0,0.0,0.0,0.0,0.0,0.39008610437182,0.0,0.017442874585732,0.15381443952873,0.0,0.0,0.020614306328592,1.2765012765013,0.0,0.69612926755784,0.87214372928659,0.20455734741449,0.07294293008578699,6.921649778792601,0.0,0.07294293008578699,0.0,0.0,0.0,0.0,0.0,0.15540015540016,0.0,0.0,0.0,1.0132724418439,0.0,0.29494315208601,0.055500055500056,0.0,0.0,0.0,0.0,0.0,0.98472955615813,0.053914339628625,0.0,0.0,0.52328623757195,0.12685726971441,0.0,0.042814328528614,0.0,0.0,1.4667871810729,0.15381443952873,0.0,0.0,1.2733298447584,0.0,1.1036582465154,1.5080157937301,0.0,0.0,0.0,0.0,0.0,0.0,0.0,0.13637156494299,0.060257203114346,0.0,0.023785738071452,0.0,0.09831438402866999,0.0,0.09355723641437899,0.31080031080031,0.27274312988599,0.030128601557173,0.0,0.0,0.0,0.0,0.17601446172875,0.11734297448583,0.0,0.071357214214357,0.0,0.015857158714302,0.0,0.09990009990010001,0.34251462822891,0.0,0.0,0.0,0.29494315208601,0.0,0.038057180914324,0.088800088800089,0.0,0.0,0.0,0.0,0.0,0.0,0.0,0.0,0.0,0.0,0.0,0.0,0.5328005328005301,0.022200022200022,2.009102009102,0.33458604887176,0.0,0.0,0.0,0.063428634857206,0.0,0.0,0.017442874585732,0.25847168704312,0.0,0.028542885685743,0.17284302998589,0.0,0.0,0.0,0.16174301888588,0.0,6.170020455734701,0.40594326308612,2.4055309769595,0.0
AZM04Y,0.0,0.16527379318947,0.0,0.0,0.0,0.28065361107646,0.0,0.1839840339279,0.031183734564051,0.0,0.0,2.1828614194836,0.0,0.0,0.0,0.084196083322939,0.0,0.034302108020457,0.2432331295996,0.1839840339279,0.0,1.0165897467881,0.053012348758887,0.0,0.0,0.0,0.0,0.0,0.0,0.0,0.12473493825621,0.0,0.0,0.0,0.43033553698391,0.0,0.031183734564051,0.0,0.15280029936385,0.64862167893227,0.0,0.0,0.0,0.0,0.0,0.049893975302482,0.037420481476862,0.0,0.0,0.0,1.4812273917924,0.0,0.0,0.0,0.0,0.0,0.049893975302482,0.062367469128103,0.0,0.0,0.0,0.0,2.8626668329799,0.0,0.0,0.0,0.0,0.0,0.0,0.0,0.1184981913434,0.0,0.0,0.056130722215293,0.0,0.0,0.11537981788699,0.0,0.0,0.0,0.30871897218411,0.06860421604091299,0.093551203692154,0.13097168516902,0.0,1.0103529998753,0.0,2.7005114132469,0.037420481476862,0.0,2.0207059997505,0.77335661718847,0.8824996881626501,2.332543345391,5.6785580641138,0.08107770986653401,0.0,0.0,0.0,0.0,8.971560434077599,1.6839216664588,0.0,0.0,0.35549457403019,0.13409005862542,0.7889484844705,0.0,0.27753523762006,0.10290632406137,0.0,0.0,0.0,0.0,0.0,0.0,0.0,0.0,0.0,0.14344517899464,1.9365099164276,0.046775601846077,0.0,0.0,0.0,0.17462891355869,0.0,0.07172258949731801,0.0,0.8544343270550101,0.046775601846077,7.5901209928901,0.0,0.0,0.10602469751777,0.0,1.0820755893726,0.0,0.0,0.0,0.0,0.0,0.0,0.0,0.0,0.0,0.059249095671698,0.0,0.0,0.0,0.0,0.16215541973307,0.0,0.28377198453287,0.031183734564051,1.1132593239366,0.0,0.0,0.0,0.0,0.0,0.056130722215293,0.037420481476862,0.065485842584508,0.0,0.14968192590745,0.0,0.0,0.0,0.0,0.0,0.13720843208183,0.0,0.0,0.0,0.0,0.0,0.0,4.0819508544343,0.08107770986653401,1.6215541973307,1.0165897467881,0.062367469128103,0.608082823999,5.5195210178371,0.0,0.22140451540476,0.0,0.0,0.0,0.07172258949731801,0.19645752775352,0.09978795060496401,0.0,0.0,0.0,0.062367469128103,0.0,1.3128352251466,1.100785830111,0.8170138455781499,0.059249095671698,0.0,0.13097168516902,0.0,4.8740177123612,0.0,2.3949108145191,0.14656355245104,0.0,3.1214918298615,0.10914307097418,0.0,0.09978795060496401,0.0,9.3239366346514,0.0,0.0,0.0,0.69227890732194,0.0,0.35237620057378,0.25882499688163,0.0,0.0,0.0,0.0,0.0,0.1216165647998,0.0,0.0,0.0,0.0,0.3056005987277,0.0,0.56130722215293,0.0,1.2567045029313,1.5280029936385,0.0,0.10914307097418,0.0,0.0,0.0,0.0,0.41786204315829,0.0,0.043657228389672,0.0,0.0,0.0,0.0,0.0,0.17151054010228,0.0,0.0,0.0,0.0,0.0,0.0,0.0,0.1216165647998,0.0,0.0,0.0,0.0,0.0,0.0,0.0,0.0,0.0,0.034302108020457,0.037420481476862,0.0,0.0,0.13720843208183,0.09978795060496401,0.0,0.0,0.0,0.0,0.0,0.0,0.0,0.090432830235749,0.0,0.062367469128103,0.16215541973307,0.10290632406137,0.0,0.0,0.19022078084071,0.0,0.80142197829612,0.0,0.21828614194836,0.0
AZM04Z,0.0,0.0,0.09437523593809,0.0,0.0,0.28312570781427,0.0,0.0,0.36132233187726,0.45300113250283,0.42064390875263,0.26964353125169,0.0,0.0,0.0,0.13482176562584,0.0,0.072803753437955,0.28582214312679,0.20223264843876,0.0,2.1274874615758,0.072803753437955,1.7257186000108,1.0650919484442,0.045839400312786,0.32357223750202,0.0,0.0,0.16717898937604,0.16178611875101,0.0,0.16987542468856,0.0,0.078196624062989,0.0,0.0,0.12942889500081,0.029660788437685,0.21301838968883,0.0,0.0,0.0,0.0,0.0,0.0,0.0,0.080893059375506,0.0,0.0,0.0,0.0,0.0,0.0,0.0,0.0,0.0,0.18335760125115,0.0,0.0,0.29121501375182,0.23458987218897,0.0,0.15639324812598,0.045839400312786,0.0,0.0,0.0,0.4583940031278601,0.088982365313056,0.0,0.0,0.04314296500027,0.53659062719085,0.0,0.0,0.0,0.58512646281616,0.0,0.0,0.21841126031387,0.075500188750472,0.0,1.6286469287602,0.0,0.0,0.0,0.080893059375506,0.0,0.0,0.38828668500243,0.0,0.11325028312571,0.0,0.98689532438117,0.0,0.05392870625033701,0.0,0.50153696812813,0.0,0.52580488594079,0.4152510381276,0.31278649625195,0.0,0.0,0.0,0.0,0.91678800625573,0.53119775656582,0.0,0.0,0.0,3.7911880493987,0.0,0.0,0.0,0.0,0.0,0.0,0.0,0.040446529687753,0.0,0.0,0.0,0.0,0.0,0.0,0.029660788437685,0.28582214312679,0.7846626759424,0.0,0.0,0.0,0.82510920563016,6.9810710241061,0.0,0.70646605187942,0.0,0.0,0.0,0.0,0.067410882812921,0.44221539125276,0.0,0.0,3.7804023081486,0.16178611875101,0.026964353125169,0.067410882812921,0.0,0.0,0.0,0.0,0.0,1.5747182225098,0.17257186000108,0.0,0.0,0.0,0.0,0.0,0.029660788437685,0.35323302593971,0.0,0.0,0.075500188750472,0.0,0.0,0.0,0.0,0.026964353125169,0.0,0.0,0.0,0.0,0.0,0.0,0.05392870625033701,0.0,0.0,0.0,0.10246454187564,0.029660788437685,0.70916248719193,1.8335760125115,0.0,0.0,0.0,0.064714447500404,0.0,0.0,0.026964353125169,0.032357223750202,0.0,0.0,0.0,0.0,0.0,0.0,0.14021463625088,0.0,0.026964353125169,0.026964353125169,0.0,0.0,0.0,0.0,0.0,0.0,0.0,0.032357223750202,0.0,0.0,0.0,0.0,0.0,0.0,0.0,0.19414334250121,0.32087580218951,0.0,32.559456398641,0.0,0.0,0.0,0.026964353125169,0.0,0.0,5.1286199644071,0.0,0.0,0.0,0.0,0.0,0.0,0.19683977781373,0.0,0.0,0.0,0.0,0.0,0.0,0.0,0.0,0.0,0.0,0.037750094375236,0.0,0.059321576875371,0.0,0.0,0.0,0.09437523593809,0.21032195437631,0.0,0.0,0.04314296500027,0.032357223750202,3.20336515127,0.0,0.13212533031333,0.06201801218788801,0.0,0.0,0.0,0.0,0.0,0.0,0.040446529687753,0.0,0.067410882812921,0.0,0.0,0.0,0.0,0.078196624062989,1.3077711265707,0.0,0.0,0.0,0.0,0.0,0.086285930000539,0.0,0.0,0.0,0.0,0.029660788437685,0.0,0.037750094375236,0.0,0.22110769562638,0.0,0.06201801218788801,0.56355498031602,4.2603677937766,0.0
AZM051,0.0,0.0,0.0,0.0,0.0,0.57128476154524,0.0,0.0,0.48823455391972,0.4781678620863201,0.23656725808481,1.2130363659242,0.030200075500189,0.0,0.0,0.7474518686296701,0.32465081162703,0.040266767333585,1.2633698250912,0.0,0.0,2.1517553793884,0.5259846482949501,1.5301371586762,0.6618849880458,0.0,0.0,0.19378381779288,0.02768340254184,0.18120045300113,0.65685164212911,0.040266767333585,0.16861708820939,0.0,0.07046684283377401,0.0,0.0,0.51843462941991,0.040266767333585,0.35485088712722,0.0,0.0,0.0,0.0,0.0,0.055366805083679,0.050333459166981,1.0570026425066,0.025166729583491,0.0,3.0804077010193,0.088083553542217,0.032716748458538,0.0,0.0,0.037750094375236,0.0,0.36240090600227,0.11576695608406,0.0,1.2709198439663,0.09311689945891499,0.0,0.065433496917076,0.037750094375236,0.0,0.0,0.0,0.0,0.0,0.050333459166981,0.05285013212533,0.075500188750472,0.035233421416887,0.0,0.0,0.0,0.50585126462816,0.0,0.065433496917076,0.0,0.24160060400151,0.0,0.9840191267144799,0.0,0.0,0.10318359129231,0.33723417641877,0.0,0.0,0.27431735246005,0.0,0.032716748458538,0.0,0.15855039637599,0.0,0.062916823958727,0.0,0.20888385554297,0.083050207625519,0.36240090600227,0.35736756008557,0.40770101925255,0.0,0.0,0.10821693720901,0.0,1.0620359884233,0.59393481817038,0.0,0.075500188750472,0.02768340254184,2.0234050585126,0.025166729583491,0.025166729583491,0.0,0.0,0.0,0.0,0.047816786208632,0.16610041525104,0.0,0.0,0.0,0.0,0.0,0.0,0.42783440291934,0.85566880583868,0.0,0.0,0.0,0.0,0.2718006795017,3.8228262237322,0.037750094375236,0.36995092487731,0.0,0.0,0.13590033975085,0.0,0.037750094375236,0.48320120800302,0.0,0.0,0.28690071725179,0.040266767333585,0.1283503208758,0.025166729583491,0.0,0.025166729583491,0.0,0.0,0.21140052850132,0.6719516798792,0.10570026425066,0.0,0.060400151000378,0.0,0.0,0.0,0.0,0.25166729583491,0.0,0.0,0.19881716370958,0.040266767333585,0.0,0.090600226500566,0.0,0.0,0.0,0.0,0.23405058512646,0.0,0.0,0.0,0.18371712595948,0.0,0.0,0.0,2.1643387441802,0.0,1.0519692965899,2.559456398641,0.030200075500189,0.7449351956713199,0.0,0.032716748458538,0.0,0.14848370454259,0.0,0.17365043412609,0.0,0.0,0.032716748458538,0.0,0.0,0.0,0.07046684283377401,0.0,0.072983515792123,0.088083553542217,0.0,0.0,0.0,0.0,0.0,0.0,0.0,0.025166729583491,0.0,0.1384170127092,0.0,0.0,0.0,0.032716748458538,0.0,0.20636718258462,0.45803447841953,0.09311689945891499,12.107713602617,0.0,0.0,0.040266767333585,0.025166729583491,0.0,0.032716748458538,4.089593557317199,0.08053353466717,0.0,0.0,0.0,0.0,0.0,1.2180697118409,0.0,0.0,0.0,0.0,0.0,0.10066691833396,0.0,0.02768340254184,0.0,0.0,0.0,0.0,0.9563357241726401,0.0,0.0,0.078016861708821,0.75500188750472,0.072983515792123,0.0,0.0,0.0,0.0,0.037750094375236,0.0,0.23405058512646,0.09815024537561301,0.0,0.0,0.0,0.0,0.0,0.0,0.33471750346043,0.0,0.0,0.025166729583491,0.0,0.0,0.0,0.50333459166981,1.9151881213036,0.078016861708821,0.075500188750472,0.0,0.0,0.0,0.040266767333585,0.0,0.0,0.0,0.0,0.3976343274191499,0.0,0.05285013212533,0.0,0.0,0.032716748458538,0.0,0.51843462941991,28.443437775261,0.2818673713351
AZM052,0.0,0.0,0.0,0.0,0.0,0.43911156497319,0.066377329588971,0.0,6.1884094970641,0.56165432729129,5.3203982639775,1.4041358182282,0.0,0.0,0.0,0.7352565739086,0.93949451110544,0.071483278018892,0.13786060760786,0.25019147306612,0.0,0.9650242532550399,0.06127138115905,3.3035486341588,0.41868777125351,0.0,0.0,0.0,0.0,0.0,0.0,0.0,0.097013020168496,0.0,0.0,0.0,0.0,0.071483278018892,0.3931580291039101,2.2057697217258,0.15317845289763,0.17360224661731,0.0,0.0,0.0,0.05105948429920901,0.097013020168496,0.41358182282359,0.0,0.0,0.9088588205259099,0.0,0.0,0.0,0.0,0.0,0.4493234618330401,2.1393923921368,0.20934388562676,0.0,0.11233086545826,2.129180495277,0.0,0.20934388562676,0.06127138115905,0.0,0.0,0.0,0.76078631605821,0.05105948429920901,0.0,0.0,1.868777125351,0.52591268828185,0.0,0.0,0.0,0.21444983405668,0.0,0.21444983405668,0.0,0.0,0.0,0.18381414347715,0.0,0.0,0.0,0.0,0.0,0.0,1.3173346949196,0.0,0.06127138115905,0.05105948429920901,0.27572121521573,0.0,0.0,0.1480725044677,0.71993872861884,0.0,0.47995915241256,0.0,0.0,0.0,0.0,0.30125095736533,0.071483278018892,5.1314781720705,0.3420985448047,0.0,0.05616543272912899,0.0,2.9920857799336,0.0,0.0,0.0,0.05616543272912899,0.0,0.0,0.0,0.36252233852438,0.0,0.0,0.0,0.0,0.0,0.0,0.0,0.0,0.0,0.0,0.0,0.0,0.4493234618330401,3.1503701812612,0.0,1.1896859841716,0.0,0.0,0.0,0.0,0.0,0.59229001787082,0.0,0.0,0.45953535869288,0.076589226448813,0.0,0.0,0.0,0.0,0.0,0.0,0.0,0.4493234618330401,0.0,0.097013020168496,0.0,0.0,0.0,0.0,0.097013020168496,0.27061526678581,0.0,0.0,0.071483278018892,0.0,0.0,0.086801123308655,0.0,0.0,0.0,0.05616543272912899,0.0,0.0,0.0,0.0,0.071483278018892,0.0,0.0,0.097013020168496,0.37784018381414,0.0,0.49527699770232,0.99055399540465,0.0,0.0,0.0,0.097013020168496,0.25529742149604,0.25019147306612,0.0,0.086801123308655,0.0,0.0,0.0,0.0,0.0,0.0,0.28082716364565,0.0,0.0,0.0,0.0,0.0,0.0,0.0,0.0,0.0,0.0,0.076589226448813,0.0,0.0,0.0,0.0,0.0,0.56165432729129,0.63824355374011,2.2261935154455,0.10211896859842,0.0,13.54097523615,0.0,0.0,0.0,0.0,0.0,0.0,7.09726831759,0.0,0.0,0.0,0.0,0.0,0.0,0.53101863671177,0.0,0.0,0.0,0.0,0.0,0.0,0.0,0.0,0.0,0.0,0.20934388562676,0.0,0.19402604033699,0.097013020168496,0.0,0.0,0.19402604033699,0.11743681388818,0.0,0.0,0.0,0.0,0.11233086545826,0.0,0.65356139902987,0.22976767934644,0.0,0.086801123308655,0.0,0.0,0.0,0.0,0.45442941026296,0.0,0.0,0.0,0.0,0.0,0.19402604033699,0.22466173091652,1.8483533316314,0.1225427623181,0.0,0.0,0.0,0.0,0.10211896859842,0.0,0.0,0.086801123308655,0.0,0.06127138115905,0.0,0.0,0.0,0.0,0.0,0.0,0.14296655603778,10.268062292571,0.17360224661731
AZM053,0.0,0.042007393301221,0.021003696650611,0.0,0.0,4.5648034053994,0.015402710877114,0.0,2.2039879018707,0.1134199619133,0.44807886187969,0.6903214965834,0.0,0.18063179119525,0.0,2.1381763190321,0.0,0.0,0.17923154475188,0.1456256301109,0.0,10.762294163773,0.061610843508457,0.29265150666517,0.0,0.0,0.0,0.0,0.0,0.42287442589896,0.046208132631343,0.06441133639520599,0.54329562002913,0.0,0.56569956312311,0.0,0.092416265262686,0.085415033045816,0.0,2.3972219110563,0.80094096560995,0.10501848325305,0.022403943093985,0.0,0.0,0.0,0.023804189537359,1.5234681303909,0.0,0.018203203763862,4.3043575669318,0.046208132631343,0.0,0.0,0.0,0.0,1.3834434860535,0.21983869160972,0.016802957320488,0.0,0.0,0.0,0.2856502744483,0.0,0.0,0.0,0.0,0.0,0.82894589447743,0.0,0.09801725103618199,0.0,0.11762070124342,0.028004928867481,0.075613307942198,0.0,0.0,0.0,0.0,0.0,0.0,1.4240506329114,0.0,0.015402710877114,0.0,0.37526604682424,0.0,0.28425002800493,0.0,0.0,0.15682760165789,0.036406407527725,0.05320936484821299,0.44247787610619,3.968298420522,0.0,0.0,0.0,2.0681639968634,0.0,0.13302341212053,0.28004928867481,0.0,0.0,0.0,0.17083006609163,0.0,0.05460961129158701,0.62731040663157,0.0,0.060210597065083,0.15542735521452,0.01400246443374,0.0,0.0,0.0,0.021003696650611,0.0,0.0,0.0,0.550296852246,0.0,0.0,0.0,0.022403943093985,0.0,0.0,0.8611515626750299,0.0,0.0,0.0,0.4690825585303,0.0,0.0,0.092416265262686,0.0,0.31365520331578,0.030805421754229,0.047608379074717,0.0,2.5890556737986,0.0,0.0,0.0,0.088215525932564,0.0,0.0,0.21283745939285,0.0,0.0,0.0,0.0,0.0,0.0,0.081214293715694,0.030805421754229,0.0,0.0,0.039206900414473,0.0,0.0,0.016802957320488,0.31505544975916,0.0,0.0,1.2322168701691,0.13582390500728,0.039206900414473,0.95216758149434,0.8555505769015301,0.0,0.44667861543632,0.0,0.0,0.025204435980733,0.060210597065083,0.022403943093985,0.0,0.16522908031814,0.050408871961465,0.0,2.7038758821553,0.085415033045816,1.216814159292,0.73372913632799,0.0,0.0,0.15962809454464,0.061610843508457,0.01400246443374,0.021003696650611,0.0,0.1022179903663,0.0,0.042007393301221,0.022403943093985,0.015402710877114,0.0,0.022403943093985,0.13722415145066,0.0,0.0,0.043407639744595,0.0,0.0,7.193065979612399,0.32205668197603,3.7666629326762,0.0,0.0,0.14422538366753,0.0,0.0,0.0,0.077013554385572,0.75893357230873,0.0,0.056009857734961,0.0,0.35426235017363,0.0,4.0523132071245,0.20303573428923,0.0,0.0,0.0,0.0,0.0,0.026604682424107,0.0,0.0,0.0,0.023804189537359,0.6581158283858,0.015402710877114,2.4238265934805,0.0,0.091016018819312,0.19463425562899,0.0,0.0,0.0,0.0,0.0,0.019603450207236,0.0,0.0,0.0,0.2212389380531,0.025204435980733,0.0,0.0,0.019603450207236,0.057410104178335,0.029405175310855,0.0,0.019603450207236,0.0,0.01400246443374,0.0,0.074213061498824,0.021003696650611,0.0,0.042007393301221,0.0,0.060210597065083,0.0,0.05460961129158701,0.42147417945558,0.032205668197603,0.0,0.0,0.0,1.1874089839812,0.0,0.11061946902655,1.7811134759718,0.057410104178335,0.036406407527725,0.044807886187969,0.0,0.063011089951832,0.0,0.0,0.029405175310855,0.0,0.0,0.0,0.026604682424107,0.0,0.0,0.085415033045816,0.0,0.0,0.0,6.6581718382435,0.0
AZM054,0.0,0.0,0.0,0.0,0.0,0.34646380959554,0.0,0.0,0.045190931686375,2.55956415857,0.025106073159097,0.16570008285004,0.0,0.062765182897743,0.0,0.54354648389445,0.0,0.0,0.77452235695815,0.0,0.0,0.071552308503427,0.0,0.015063643895458,0.0,0.0,0.0,0.0,0.0,0.0,0.0,0.020084858527278,0.0,0.0,0.15314704627049,0.0,0.040169717054555,0.017574251211368,0.0,0.040169717054555,0.0,0.0,0.0,0.0,0.0,0.0,0.9314353142025099,3.8876754286862,0.013808340237503,0.40671838517737,43.851522683337,0.0,0.0,0.0,0.0,3.3868092691622,8.665361150862399,0.031382591448871,0.0,0.0,0.45065401320579,0.013808340237503,0.0,0.0,0.0,0.0,0.0,0.0,0.0,0.0,0.0,0.0,0.0,0.0,0.0,0.0,0.0,0.0,0.14059400969094,0.023850769501142,0.071552308503427,0.0,0.0,0.036403806080691,0.0,0.0,0.015063643895458,0.021340162185233,0.0,0.0,0.91135045567523,0.0,0.028871984132962,0.0,9.8968140393161,0.0,0.0,0.0,0.017574251211368,0.19582737064096,0.81971328864452,0.1418493133489,0.0,0.0,0.0,0.23599708769551,0.0,0.026361376817052,0.028871984132962,0.0,0.031382591448871,0.0,0.34144259496372,0.017574251211368,0.0,0.0,0.08787125605684,0.0,0.013808340237503,0.053978057292059,1.7448720845573,0.0,0.4255479400467,0.027616680475007,0.0,0.0,0.0,0.0,0.0,0.013808340237503,0.0,0.028871984132962,0.0,0.0,0.0,0.0,0.21591222916824,0.0,0.0,0.0,0.4632070497853401,0.0,0.0,0.0,0.013808340237503,0.0,0.0,0.0,0.015063643895458,0.0,0.0,0.030127287790917,0.0,0.0,0.0,0.040169717054555,0.0,0.0,0.0,0.0,0.0,0.0,0.19959328161482,0.0,0.018829554869323,0.12176445482162,0.0,0.0,0.0,0.0,0.0,0.10670081092616,0.0,1.6657879541061,0.017574251211368,0.016318947553413,0.050212146318194,0.0,0.24603951695915,0.016318947553413,0.0,0.32888955838417,0.0,0.025106073159097,0.10921141824207,0.0,0.031382591448871,0.0,0.0,0.0,0.0,0.0,0.067786397529562,0.0,0.042680324370465,0.025106073159097,0.012553036579549,0.053978057292059,0.0,0.0,0.0,0.07782882679320101,0.07782882679320101,0.051467449976149,0.0,0.09289247068866,0.0,0.0,0.0,0.0,0.0,0.025106073159097,0.0,0.0,0.012553036579549,0.0,0.0,0.025106073159097,0.013808340237503,0.13682809871708,0.17699781577164,0.11423263287389,0.060254575581833,0.0,0.095403078004569,0.0,0.0,0.0,0.0,0.0,0.0,0.0,0.0,0.0,0.0,0.68288518992744,0.0,0.0,0.027616680475007,0.0,0.0,0.0,0.0,0.0,0.0,0.0,0.0,0.0,0.028871984132962,0.0,0.0,0.0,0.5335040546308201,0.021340162185233,0.0,0.0,0.0,0.0,0.04393562802842,0.0,0.10795611458412,0.038914413396601,0.020084858527278,0.0,0.0,0.0,0.0,0.0,0.0,0.0,0.0,0.0,0.017574251211368,0.0,0.050212146318194,2.558308854912,0.07782882679320101,0.084105345082976,0.0,0.0,0.076573523135246,0.23599708769551,0.29123044864553,0.0,0.0,0.0,0.0,0.0,0.0,0.0,0.0,0.0,0.076573523135246,0.0,0.0,4.1462679822249,0.21842283648415
AZM055,0.070365053899631,0.0,3.1157645866757,0.03377522587182299,0.0,0.48974077514143,0.064735849587661,0.0,2.4346308649272,0.12102789270737,0.11821329055138,9.1164963832362,0.0,0.0,0.0,0.0,0.10976948408342,0.0,0.070365053899631,0.0,0.028146021559853,22.637845140589,0.0,2.3642658110276,0.0,0.0,0.0,0.0,0.0,0.028146021559853,0.0,0.0,0.14354470995525,0.0,0.25331419403867,0.0,0.0,0.0,0.0,0.061921247431676,0.0,0.3236792479383,0.030960623715838,0.0,0.26175800050663,0.0,0.0,0.0,0.0,0.0,0.0,0.0,0.0,0.0,0.0,0.0,0.0,0.0,0.0,0.0,0.37997129105801,0.0,0.036589828027808,0.0,0.0,0.0,0.0,0.0,0.0,0.0,0.0,0.0,0.43626333417771,0.70365053899631,0.0,5.192940977792801,0.0,0.075994258211602,0.0,0.0,2.2516817247882,0.0,0.0,0.0,0.0,0.0,0.0,0.075994258211602,0.0,0.0,0.94852092656703,0.0,0.03377522587182299,0.0,0.0,0.0,0.0,0.047848236651749,0.087252666835543,0.056292043119705,0.13510090348729,0.46722395789355,0.15761772073517,0.0,0.0,0.18576374229503,0.0,0.38278589321399,0.0,0.0,0.056292043119705,0.0,0.73461116271215,0.0,0.0,0.0,0.0,0.0,0.0,0.0,0.047848236651749,0.0,0.0,0.0,0.061921247431676,0.0,0.56010582904107,0.0,0.0,0.12102789270737,0.0,0.047848236651749,0.0,0.22798277463481,2.479664499423,0.16324692504714,0.24205578541473,0.0,0.056292043119705,0.042219032339779,0.0,0.20546595738692,0.064735849587661,0.078808860367587,0.0,0.86971206619944,0.05347744096372001,0.0,0.0,0.0,0.56573503335304,0.0,0.0,0.0,0.0,0.098511075459484,0.0,0.05347744096372001,0.028146021559853,0.0,0.042219032339779,0.16043232289116,0.49255537729742,0.0,0.0,0.10976948408342,0.0,0.0,0.43063412986574,0.0,0.0,0.0,0.0,0.0,0.0,0.095696473303499,0.0,0.0,0.0,0.0,0.0,0.10976948408342,0.20828055954291,0.0,0.66987531312449,0.03377522587182299,0.030960623715838,0.0,0.0,0.29271862422247,0.075994258211602,0.0,0.0,0.0,0.0,0.0,0.0,0.0,0.0,0.0,0.0,0.064735849587661,0.0,0.0,0.0,0.0,0.0,0.0,0.0,0.0,0.0,0.0,0.0,0.0,0.0,0.0,0.0,0.16606152720313,3.3803371893383,0.030960623715838,0.073179656055617,4.7313462242112,0.0,0.0,0.0,0.0,0.0,0.0,0.66143150665653,0.0,0.0,0.0,0.0,0.0,0.0,0.45596554926961,0.0,0.0,0.0,0.0,0.0,0.0,0.0,0.0,0.0,0.0,0.0,0.0,0.0,0.0,0.0,0.0,0.03377522587182299,0.028146021559853,0.0,0.090067268991528,0.0,0.0,0.0,0.0,0.0,0.0,0.27301640913057,0.036589828027808,0.0,0.29834782853444,0.0,0.0,0.10976948408342,0.0,0.073179656055617,0.045033634495764,0.0,0.0,0.46159475358158,0.0,1.5818064116637,0.13510090348729,0.10695488192744,0.042219032339779,0.11258408623941,0.036589828027808,3.8813363731037,0.0,0.0,0.0,0.0,0.0,0.03377522587182299,0.0,0.042219032339779,0.075994258211602,0.0,0.0,0.43626333417771,9.7779278898928,0.0
AZM056,0.020161290322581,0.017281105990783,0.0,0.0,0.0,0.15697004608295,0.0,0.20017281105991,0.0,0.0,0.0,9.4225230414747,0.0,1.1448732718894,0.0,0.0,5.9130184331797,0.0,0.015841013824885,0.0,0.0,0.0,0.0,0.038882488479263,0.0,0.0,0.0,0.0,0.0,0.0,0.050403225806452,0.014400921658986,0.16273041474654,0.0,0.0,0.014400921658986,0.0,0.0,0.0,0.0,0.59907834101382,0.5184331797235,0.0,0.0,0.0,0.0,0.050403225806452,0.21745391705069,0.13104838709677,0.027361751152074,3.1898041474654,0.0,0.0,0.0,0.0,0.06336405529953901,0.27793778801843,0.056163594470046,0.0,0.0,0.048963133640553,0.0,0.84821428571429,0.08064516129032301,0.0,0.0,0.0,0.0,1.4948156682028,0.0,0.79061059907834,0.0,0.0,0.0,0.0,0.0,0.0,0.0,0.0,0.0,1.334965437788,0.0,0.0,0.35282258064516,0.020161290322581,0.56451612903226,0.08784562211981599,0.67972350230415,0.027361751152074,0.0,0.28369815668203,0.14400921658986,1.3997695852535,1.6633064516129,4.9308755760369,0.26497695852535,0.0,0.0,0.020161290322581,0.0,1.0570276497696,1.7914746543779,0.06336405529953901,0.0,0.017281105990783,0.097926267281106,0.16417050691244,0.16993087557604,0.46082949308756,0.0,0.0,0.17425115207373,0.0,0.0,0.014400921658986,0.030241935483871,0.0,0.0,0.0,0.014400921658986,1.9714861751152,0.0,0.0,0.034562211981567,0.021601382488479,0.015841013824885,0.0,0.0,0.0,0.19873271889401,0.0,15.106566820276,0.0,0.028801843317972,1.2442396313364,0.0,0.48531105990783,0.0,0.0,0.03168202764977,0.0,0.0,0.028801843317972,0.0,0.0,0.056163594470046,0.0,0.033122119815668,0.044642857142857,0.1022465437788,0.0,0.12240783410138,0.0,0.18577188940092,0.097926267281106,0.15120967741935,0.0,0.0,0.0,0.0,0.0,0.0,0.044642857142857,0.0,0.0,0.038882488479263,0.0,0.0,0.0,0.0,0.0,0.6149193548387101,0.0,0.0,0.0,0.0,0.0,0.014400921658986,1.9556451612903,0.0,0.50403225806452,1.8951612903226,0.28513824884793,0.0,3.7183179723502,0.0,0.09360599078341,0.044642857142857,0.0,0.0,0.018721198156682,0.0,0.57027649769585,0.0,0.0,0.0,0.8856566820276499,0.0,0.57459677419355,3.4677419354839,0.090725806451613,0.0,0.0,0.0,0.13536866359447,2.9853110599078,0.072004608294931,0.099366359447005,0.0,0.077764976958525,0.6120391705069099,0.0,0.0,0.0,0.0,2.0463709677419,0.14976958525346,0.0,0.0,2.3329493087558,0.0,0.96630184331797,0.64372119815668,0.0,0.0,0.0,0.020161290322581,0.0,0.018721198156682,0.0,0.027361751152074,0.11520737327189,0.054723502304147,0.14400921658986,0.0,0.11808755760369,0.021601382488479,0.16849078341014,0.76612903225806,0.04176267281106,0.0,0.0,0.0,0.0,0.0,0.0,0.0,0.015841013824885,0.0,0.0,0.0,0.0,0.8726958525345601,0.1022465437788,0.0,0.0,0.0,0.05760368663594501,0.0,0.0,0.21457373271889,0.015841013824885,0.0,0.0,0.070564516129032,0.0,0.0,0.0,0.0,0.0,0.0,0.0,0.0,0.0,0.0,0.6192396313364099,0.44354838709677,0.0,0.0,0.0,0.0,0.0,0.17137096774194,0.25921658986175,0.0,0.0,0.13248847926267,0.27649769585253,0.0,0.0,0.0,0.0,0.0,5.540034562212,0.6192396313364099,1.491935483871,0.0
AZM057,0.0,0.0,0.026939273206766,0.0,0.0,0.090742815012264,0.0,0.0,0.079399963135731,0.12193565767273,0.67348183016915,6.988614612428901,0.0,0.0,0.0,1.3427100908846,0.0,0.0,0.045371407506132,0.0,0.0,0.0,0.1063392363425,0.0,0.0,0.0,0.0,0.0,0.0,0.9244424279374399,0.014178564845666,0.0,0.0,0.0,0.0,0.0,0.0,0.0,0.0,0.27081058855223,0.0,0.042535694536999,0.0,0.0,0.038282125083299,0.0,0.097832097435098,5.224801145628,0.1148463752499,0.0,5.2233832891435,0.0,0.0,0.0,0.0,0.0,1.1654780303138,0.0,0.0,0.0,2.2558096669455,0.018432134299366,0.0,0.0,0.0,0.0,0.0,0.0,0.0,0.0,0.0,0.0,0.0,0.0,0.035446412114166,0.0,0.0,0.0,0.0,0.13044279658013,0.0,0.0,0.0,0.31901770902749,0.0,0.0,0.0,0.1914106254165,0.0,0.0,0.170142778148,0.0,0.61109614484822,0.0,33.692523642757,0.0,0.0,0.0,0.0,0.0,0.21126061620043,0.0,0.06947496774376499,0.0,0.0,0.0,0.045371407506132,0.0,0.0,0.0,0.0,0.1190999447036,0.35021055168796,0.0,0.0,0.082235676104865,0.0,0.0,0.0,0.099249953919664,28.659133122545,0.0,0.0,0.1871570559628,0.0,0.0,0.0,0.0,0.0,0.0,0.0,0.0,0.0,0.0,0.0,0.0,0.16305349572516,0.0,0.0,0.0,0.0,0.026939273206766,0.0,0.0,0.093578527981398,0.0,0.026939273206766,0.0,0.0,0.0,0.0,0.0,0.0,0.0,0.0,0.0,0.0,0.0,0.0,0.0,0.0,0.0,0.19424633838563,0.0,0.0,0.0,0.0,0.0,0.0,0.0,0.0,0.08081781962029799,0.0,0.25096059776829,0.0,0.0,0.0,0.0,0.08648924555856499,0.025521416722199,0.0,0.14320350494123,0.0,0.34595698223426,0.32610699145033,0.0170142778148,0.0,0.0,0.0,0.0,0.0,0.0,0.0,0.018432134299366,0.066639254774632,0.0,0.06238568532093201,0.0,0.014178564845666,0.0,0.0,0.0,0.0,0.50475690850572,0.0,0.0,0.0,0.0,0.0,0.0,0.0,0.039699981567866,0.0,0.0,0.0,0.10066781040423,0.0,0.0,0.0,0.34737483871882,0.0,0.42677480185456,0.0,0.0,0.0,0.0,0.0,0.0,0.0,0.0,0.0,0.0,0.0,0.0,0.0,0.75004608033575,0.0,0.0,0.0,0.0,0.0,0.087907102043131,0.0,0.0,0.0,0.0,0.0,0.0,0.05246068992896499,0.0,0.0,0.0,0.053878546413532,0.083653532589431,0.0,0.0,0.0,0.0,0.0,0.0,0.0,0.031192842660466,0.0,0.0,0.0,0.0,0.0,0.0,0.018432134299366,0.0,0.0,0.0,0.0,0.0,0.0,0.37714982489472,0.0,0.0,0.0,0.0,0.0,0.0,0.13327850954926,0.0,0.0,0.0,0.0,0.019849990783933,0.0,0.0,0.0,0.38849267677126,0.0,0.0,0.0,3.6368018829134,0.041117838052432
AZM058,1.9474348119092,0.043199529989114,0.0,0.0,0.0,0.42335539389331,0.0,0.10195089077431,0.13478253356603,0.067391266783017,0.22463755594339,2.6680029721277,0.05702337958563,0.079487135179969,0.0,0.034559623991291,0.31103661592162,0.0,0.53394619066545,0.0,0.0,0.048383473587807,0.0,2.0891292702735,0.0,0.0,0.0,0.0,0.0,0.05529539838606599,0.23673342434034,0.07257521038171101,0.20735774394775,0.025919717993468,0.0,0.029375680392597,0.0,0.0,0.0,0.022463755594339,0.12614262756821,0.0,0.0,0.0,0.0,0.0,0.01900779319521,2.488292927373,0.0,0.0,10.848265970866,0.060479341984759,0.0,0.0,0.15551830796081,0.26092516113425,13.761642273332,0.0,0.0,0.59615351384977,0.30412469112336,0.0,0.0,0.36633201430768,0.06393530438388799,0.05356741718650101,0.0,0.022463755594339,0.18662196955297,0.0,0.18662196955297,0.0,0.0,0.0,0.0,0.0,0.06393530438388799,0.27820497312989,0.22118159354426,0.0,0.77931952100361,0.036287605190856,0.0,2.1997200670457,0.0,0.14515042076342,0.0,2.464101190579,0.0,0.0,0.9624855281574499,0.0,0.41471548789549,0.041471548789549,1.3409134108621,0.0,0.020735774394775,0.0,0.020735774394775,0.043199529989114,0.90719012977139,5.1735757114963,0.032831642791726,0.0,0.0,0.11577474037082,0.034559623991291,0.65490487463496,0.28684487912772,0.0,0.0,0.16415821395863,0.029375680392597,0.022463755594339,0.020735774394775,0.0,0.0,0.0,0.0,0.31622055952031,0.20735774394775,0.0,0.0,0.0,0.0,0.067391266783017,0.0,0.020735774394775,0.0,0.044927511188678,0.0,0.44754713068722,0.0,0.11059079677213,1.753900917558,0.029375680392597,1.2994418620725,0.0,0.0,0.0,1.7297091807641,0.07257521038171101,0.0,0.0,0.0,0.0,0.0,0.0,0.029375680392597,0.017279811995645,0.0,0.060479341984759,0.0,0.63935304383888,0.0,0.09503896597605,0.0,0.0,0.0,0.0,0.0,0.0,0.31276459712118,0.0,0.76895163380622,0.017279811995645,0.12441464636865,0.0,0.0,0.0,0.0,0.1123187779717,0.0,0.0,0.0,0.0,0.024191736793904,0.12959858996734,1.1525634601096,0.0,2.4589172469804,1.8834995075254,0.35942008950943,0.0,1.4532321888338,0.0,0.027647699193033,0.065663285583453,0.031103661592162,0.0,0.0,0.05356741718650101,0.90719012977139,0.0,0.0,0.01900779319521,1.4376803580377,0.0,0.16243023275907,0.25919717993468,0.0,0.14169445836429,0.0,0.0,0.0,0.47173886748112,0.062207323184324,0.0,0.0,0.52357830346806,0.70156036702321,0.0,0.027647699193033,0.0,0.0,0.50111454787372,0.01900779319521,0.0,0.0,2.2446475782343,1.0125969829448,5.773185187745201,0.051839435986936,0.0,0.0,0.0,0.0,0.0,0.63589708143975,0.032831642791726,0.022463755594339,0.0,0.022463755594339,0.0,0.0,0.20044581914949,0.07257521038171101,0.05529539838606599,0.082943097579098,0.0,0.0,0.0,0.062207323184324,0.029375680392597,0.16243023275907,0.0,0.051839435986936,0.0,0.022463755594339,0.0,0.081215116379534,0.043199529989114,0.070847229182147,0.077759153980405,0.0,0.0,0.0,0.13823849596516,0.0,0.074303191581276,0.17625408235558,0.0,0.0,0.0,0.0,0.0,0.0,0.0,0.17798206355515,0.0,0.036287605190856,0.0,0.0,0.0,0.046655492388243,0.01900779319521,1.0056850581466,0.10367887197387,0.07603117278084,0.0,0.0,0.0,0.0,0.0,0.0,0.107134834373,0.0,0.0,0.10886281557257,0.0,0.0,0.0,0.20908572514731,0.48556271707764,0.14860638316255,5.3878453802423,0.0
AZM059,1.8657461558212,0.0,0.0,0.057056457364562,0.12552420620204,2.2993752317919,0.0,0.054203634496334,0.39654237868371,0.0,0.0,7.443014863207099,0.0,0.0,0.0,0.14549396627963,1.4549396627963,0.0,0.0,0.0,0.037086697286965,0.0,0.0,16.312441160528,0.0,0.0,0.0,0.0,0.0,2.1196473910935,0.29098793255927,0.0,0.37942544147434,0.0,0.0,0.0,0.0,0.0,0.0,0.40795367015662,0.0,0.85014121473198,0.11696573759735,0.0,0.0,0.0,0.0,0.0,0.082731863178615,0.0,0.7103528941888,0.031381051550509,0.11981856046558,0.0,0.0,0.0,0.15119961201609,0.10840726899267,0.0,0.17116937209369,0.0912903317833,0.0,0.0,0.0,0.0,0.0,0.09984880038798401,0.0,0.13693549767495,0.20540324651242,0.10840726899267,0.0,0.67326619690183,0.0,0.0,0.0,0.162610903489,1.3294154565943,0.0,0.0,0.07132057170570301,0.0,0.057056457364562,0.042792343023422,0.0,0.0,0.0,1.1668045531053,0.0,0.05990928023279,2.2708470031096,0.0,0.2938407554275,0.0,0.4564516589165,0.0,0.0,0.028528228682281,0.25104841240407,0.0,0.36230850426497,0.37942544147434,0.06561492596924699,0.0,0.0,0.0,0.0,3.280746298462299,0.22537300659002,0.3651613271332,0.0,0.11981856046558,0.11411291472912,0.0,0.0,0.0,0.0,0.13408267480672,0.0,0.0,0.11981856046558,0.094143154651528,0.46501012752118,0.0,0.0,0.088437508915071,0.12837702907027,0.0,0.14264114341141,0.0,0.0,0.0,0.90149202636008,0.2738709953499,7.4458676860754,0.31095769263686,0.31951616124155,0.0,0.0,0.0,0.0,0.12552420620204,0.0,0.0,0.0,0.10270162325621,0.05990928023279,0.0,0.0,0.0,0.0,0.0,0.0,0.0,0.031381051550509,0.0,0.0,0.0,0.0,0.30525204690041,0.0,0.039939520155194,0.17972784069837,0.0,0.0,0.12837702907027,0.0,0.0,0.07417339457393099,0.0,0.057056457364562,0.19113913217128,0.0,0.0,0.0,0.0,0.0,0.0,0.19399195503951,0.0,0.0912903317833,0.0,0.74458676860754,0.068467748837475,0.89578638062363,0.0,0.0,0.0,0.037086697286965,0.09984880038798401,0.028528228682281,0.0,0.088437508915071,1.4035888511682,0.0,0.0,0.42221778449776,0.0,0.0,0.35660285852851,0.0,0.0,0.0,0.0,0.0,0.0,0.0,0.0,0.0,0.0,0.44218754457536,0.0,0.077026217442159,0.0,0.085584686046843,0.0,0.0,2.3079337003965,0.0912903317833,0.68182466550652,0.039939520155194,18.041251818675,0.028528228682281,0.0,0.0,0.085584686046843,0.0,0.05990928023279,0.9756654209340101,0.13978832054318,0.0,0.0,0.062762103101018,0.0,0.0,0.11411291472912,0.0,0.0,0.062762103101018,0.031381051550509,0.13122985193849,0.0,0.0,0.082731863178615,0.0,0.0,0.0,0.0,0.039939520155194,0.0,0.0,0.0,0.14264114341141,0.10555444612444,0.0,0.094143154651528,0.077026217442159,0.0,0.75314523721222,1.5975808062077,0.048497988759878,0.0,0.0,0.037086697286965,0.0,0.0,0.085584686046843,0.0,0.23678429806293,0.06561492596924699,0.06561492596924699,0.19684477790774,0.0,0.0,0.0,0.3451915670556,0.7645565286851299,0.0,0.0,0.0,0.042792343023422,0.096995977519756,0.11981856046558,0.0,0.0,0.0,0.04564516589165,0.0,0.042792343023422,0.0,0.0,0.11696573759735,0.0,0.0,1.0926311585314,2.413488146521,0.0
AZM05A,0.0,0.066722268557131,0.0,0.0,0.0,2.4687239366138,0.029190992493745,0.0,1.3198498748957,0.43160967472894,0.11676396997498,0.90075062552127,0.0,0.0,0.0,0.9528773978315299,0.0,0.81943286071726,2.9587155963303,1.3761467889908,0.35029190992494,8.742702251876599,1.68682235196,0.14386989157631,0.0,0.066722268557131,0.054211843202669,0.0,0.0,0.1000834028357,0.031276063386155,0.38782318598832,0.19599666388657,0.0604670558799,6.2030859049208,0.0,0.17514595496247,0.054211843202669,1.011259382819,7.706422018348601,0.0,0.041701417848207,0.0,0.0,0.0,0.0,0.0,0.523352793995,0.0,0.0,2.2623019182652,0.0,0.0,0.0,0.0,0.0,0.29816513761468,1.5533778148457,0.025020850708924,0.068807339449541,0.0,0.0,0.42743953294412,0.0,0.0,0.0,0.0,0.0,0.10216847372811,0.0,0.079232693911593,0.0,0.4086738949124301,0.18557130942452,0.0,0.50667222685571,0.0,0.0,0.0,0.0,0.056296914095079,0.8965804837364499,0.0,0.0,0.0,0.072977481234362,0.3231859883236,0.60258548790659,0.12927439532944,0.0,0.08131776480400299,0.21059216013344,0.43577981651376,8.3715596330275,0.045871559633028,0.0,0.0,0.15012510425354,0.88824020016681,0.0,1.4303586321935,0.29190992493745,0.31693077564637,0.0,0.0,0.0,0.0,0.0,0.0,0.0,0.0,0.0,0.08131776480400299,0.0,0.0,0.0,0.0,0.0,0.0,0.05838198498749,0.033361134278565,0.0,0.0,0.0,0.0,0.045871559633028,0.0,0.33569641367807,0.0,0.0,0.22310258548791,1.6763969974979,0.0,0.0,0.1209341117598,0.0,0.36905754795663,0.0,0.0,0.0,0.0,0.0,0.0,0.0,0.0,0.0,0.63594662218515,0.054211843202669,0.0,0.0,0.0,0.020850708924103,0.0,0.0,0.0,0.056296914095079,0.51084236864053,0.0,0.0,0.0,0.0,0.0,0.23352793994996,1.4053377814846,0.0,0.0,0.0,0.0,0.095913261050876,0.0,0.029190992493745,0.0,0.033361134278565,0.2210175145955,0.0,0.027105921601334,0.0,0.0,0.16680567139283,0.22518765638032,0.59007506255213,1.4804003336113,0.0,0.3836530442035,1.7389491242702,0.0,0.0,0.2210175145955,0.0,0.22727272727273,0.72768974145121,0.0,0.28773978315263,0.0,0.0,0.37322768974145,0.0,0.0,0.0,0.10425354462052,0.0,0.0,0.095913261050876,0.0,0.056296914095079,1.4762301918265,0.0,0.10425354462052,0.24395329441201,0.0,0.2627189324437,0.0,0.0,0.0,0.37322768974145,0.3023352793995,0.0,0.0,0.0,0.089658048373645,0.0,0.070892410341952,0.46705587989992,0.0,0.0,0.0,0.052126772310259,0.0,2.7502085070892,0.0,0.0,0.0,0.0,0.0,0.0,9.6872393661384,0.0,0.70266889074229,0.43577981651376,0.0,0.0,0.0,0.0,0.0,0.0,0.0,0.043786488740617,0.0,0.0,0.13761467889908,0.0,0.0,0.0,0.020850708924103,0.0,0.0,0.0,0.0,0.0,0.0,0.08548790658882399,0.0,0.047956630525438,0.0,0.0,0.0,0.08548790658882399,0.047956630525438,0.13344453711426,0.0,0.022935779816514,0.0,0.32527105921601,0.0,0.0,0.0,0.0,0.0,0.0,0.0,0.0,0.0,0.14804003336113,0.0,0.0,0.0,0.0,0.0,0.0,0.0,0.0,0.25020850708924,0.0,0.0,0.0,0.0,0.0
AZM05B,0.018129261635461,0.10676120740882,0.0,0.0,0.0,0.63754570084704,0.0,0.053380603704412,0.10172530139897,0.0,0.0,6.4791966722733,0.0,0.021150805241371,0.0,0.013093355625611,0.0,0.0,0.0,0.0,0.0,0.0,0.0,0.35049905828558,0.0,0.0,0.021150805241371,0.0,0.0,0.013093355625611,0.03928006687683201,0.0,0.16215617351718,0.012086174423641,0.0,0.0,0.0,0.0,0.0100718120197,0.036258523270922,0.22762295164523,0.059423690916233,0.0,0.0,0.0,0.0,0.064459596926083,0.062445234522143,0.0,0.046330335290622,3.7225417224813,0.0,0.0,0.0,0.011078993221671,0.042301610482742,0.034244160866982,0.0,0.073524227743813,0.0,0.10676120740882,0.0,0.13999818707384,0.054387784906383,0.043308791684712,0.0,0.0,0.0,0.011078993221671,0.0,1.0112099267779,0.0,0.0,0.0,0.030215436059101,0.0,0.046330335290622,0.076545771349724,0.0,0.0,0.83092449162529,0.25481684409842,0.7674720759011799,0.14201254947778,0.0,0.27093174332994,0.088631945773364,1.612497104354,0.0,0.0,0.26085993131024,4.9321663460473,0.51869831901457,0.23467322005902,11.526181675345,0.021150805241371,0.0,0.0,0.034244160866982,0.0,0.57006456031505,0.18028543515264,0.0,0.019136442837431,0.013093355625611,0.021150805241371,0.012086174423641,1.0353822756252,0.98300885312277,0.0,0.0,0.11179711341868,0.056402147310323,0.042301610482742,0.017122080433491,0.0,0.0,0.0,0.0,0.08762476457139401,2.0616999204327,0.0,0.085610402167454,0.0,0.041294429280772,0.021150805241371,0.0,0.0,0.0,0.10776838861079,0.011078993221671,2.5934915950729,0.0,0.10474684500488,0.85912556528045,0.018129261635461,0.6043087211820299,0.0,0.0,0.041294429280772,0.48243979574365,0.080574496157604,0.024172348847281,0.0,0.0,0.013093355625611,0.0,0.0,0.013093355625611,0.0,0.0,8.6869378669917,0.0,0.029208254857131,0.0,0.15913462991127,0.0,0.0,0.0,0.0,0.0,0.0,0.16417053592112,0.0,0.0,0.4471884536747,0.0,0.0,0.0,0.067481140531993,0.0,0.10474684500488,0.0,0.0,0.0,0.019136442837431,0.0,0.011078993221671,0.46934644011804,0.0,0.016114899231521,0.3907863063643799,0.10575402620685,0.064459596926083,0.81682395479771,0.0,0.016114899231521,0.091653489379274,0.0,0.0,0.011078993221671,0.0100718120197,4.9905828557616,0.0,0.0,0.0,0.013093355625611,0.0,0.19942187799007,0.18129261635461,0.0,0.0,0.0,0.096689395389124,0.0,2.5662977026197,0.08762476457139401,0.4471884536747,0.0,0.035251342068952,0.39179348756635,0.0,0.0,0.028201073655161,0.0,2.3114808585213,0.0,0.0,0.0,0.59322972796036,0.0,0.55294247988156,1.4392619376152,0.0,0.0,0.015107718029551,0.013093355625611,0.0,0.15208436149748,0.0,0.016114899231521,0.0,0.0,0.06647395933002301,0.0,0.060430872118203,0.023165167645311,0.12086174423641,0.20244342159598,0.0,0.036258523270922,0.0,0.0,0.0,0.0,0.041294429280772,0.100718120197,0.065466778128053,0.0,0.0,0.0,0.028201073655161,0.0,0.06143805332017301,0.0,0.0,0.0,0.0,0.0,0.024172348847281,0.047337516492592,0.020143624039401,0.0,0.0,0.0,0.0,0.0,0.012086174423641,0.0,0.027193892453191,0.0,0.0,0.0,0.0,0.0100718120197,0.6133733519997601,0.87725482691591,0.046330335290622,0.037265704472892,0.016114899231521,0.0,0.0,0.062445234522143,0.015107718029551,0.46431053410819,0.0,1.0937987853395,0.37366422593089,0.0,0.0,0.0,0.014100536827581,0.0,2.96010555259,0.14201254947778,11.393233756685,0.0
AZM05C,0.0,0.0,0.0,0.0,0.0,0.38721370901302,0.0,0.0,0.0,0.0,0.0,1.0627780523974,0.0,0.0,0.0,0.16477179106937,0.0,0.0,0.10710166419509,0.0,0.0,10.94908551656,0.0,0.0,0.0,0.0,0.0,0.0,0.0,0.0,0.0,0.0,0.24715768660405,0.0,0.72499588070522,0.0,0.0,0.0,0.0,2.1749876421157,0.0,0.90624485088153,0.0,0.0,0.0,0.0,0.0,0.41192947767342,0.0,0.0,1.688910858461,0.0,0.0,0.0,0.0,0.0,0.0,2.867029164607,0.14005602240896,0.0,0.0,0.0,0.0,0.0,0.0,0.0,0.0,0.0,0.0,0.0,0.0,0.0,0.79914318668644,0.0,0.0,0.0,0.0,0.0,0.0,0.0,0.0,0.27187345526446,0.0,0.0,0.0,0.0,0.0,1.301697149448,0.0,0.0,0.0,0.0,0.1565332015159,0.0,0.0,0.0,0.0,0.0,0.85681331356072,0.0,0.0,0.0,0.0,0.0,0.0,0.0,0.0,0.3130664030318,0.87329049266766,0.0,0.0,0.0,1.9443071346186,0.0,0.0,0.0,1.7383423957818,0.0,0.0,0.0,1.6724336793541,0.0,0.0,0.0,0.0,0.0,0.16477179106937,0.0,0.0,0.0,0.0,0.0,1.0133465150766,0.090624485088153,0.1565332015159,0.0,0.0,0.0,0.0,0.0,0.0,0.0,0.1318174328555,0.0,0.21420332839018,4.391168231998701,0.0,0.0,0.0,0.0,0.0,0.0,0.0,0.0,0.0,0.0,0.08238589553468399,0.0,0.0,0.0,1.2275498434668,0.0,1.3593672763223,0.0,0.0,0.0,0.0,0.11534025374856,0.25539627615752,0.0,18.553303674411,1.0710166419509,0.0,0.0,0.0,0.0,0.0,0.0,0.0,0.0,0.0,0.36249794035261,0.0,0.0,3.0977096721041,0.0,0.0,0.0,0.0,0.46136101499423,0.18124897017631,0.0,0.0,0.0,0.0,0.0,0.0,0.0,0.0,0.0,0.0,0.0,0.0,0.0,0.0,0.0,0.0,0.0,0.0,0.0,0.0,0.0,0.0,0.0,0.11534025374856,0.0,0.0,1.3923216345362,0.0,0.37073652990608,0.0,0.0,0.0,0.0,0.0,0.32130499258527,0.0,0.0,9.8039215686275,0.0,0.0,0.0,0.0,0.0,0.0,0.43664524633383,0.0,0.0,0.0,0.0,0.0,0.0,0.0,0.0,0.0,0.0,0.24715768660405,0.0,0.0,0.0,0.0,0.0,0.0,0.0,0.0,0.0,0.0,0.20596473883671,0.0,0.0,0.0,0.0,0.0,0.0,0.0,0.0,0.0,0.0,0.6014170374032,0.0,0.0,0.0,0.0,0.0,0.0,0.0,0.0,0.0,0.0,0.0,0.0,0.0,0.0,0.0,0.0,0.0,0.0,0.0,0.0,0.0,0.0,0.0,0.0,0.0,0.0,2.8175976272862,0.0
AZM05E,0.0,0.33208800332088,0.0,0.0,0.0,1.4252110142521,0.1060836677275,0.0,0.77487200774872,0.046123333794567,0.77025967436926,0.81177067478437,0.0,0.0,0.0,0.05534800055348,0.0,0.0,0.41049767077164,0.0,0.0,10.825146441585,0.0,0.6595636732623,0.0,0.0,0.0,0.0,0.0,0.0,0.1383700013837,0.16604400166044,1.0931230109312,0.0,0.0,0.0,0.0,0.0,0.0,0.40127300401273,0.11530833448642,0.16604400166044,0.0,0.0,0.0,0.0,0.059960333932937,1.4897836815645,0.0,0.0,2.1908583552419,0.4935196716018599,0.0,0.12914533462479,0.17988100179881,0.16604400166044,0.0,0.45200867118675,0.12914533462479,0.0,0.0,0.0,0.0,0.2767400027674,0.0,0.0,0.0,0.0,4.944421382777501,0.13375766800424,1.0331626769983,0.0,0.0,0.0,0.25367833587012,0.0,0.046123333794567,0.0,0.0,0.0,0.40127300401273,0.73336100733361,0.0,0.064572667312393,0.0,0.17526866841935,0.05534800055348,1.1392463447258,0.0,0.0,0.0,0.06918500069185,0.1383700013837,0.0,8.1730547483972,0.0,0.0,0.0,0.71029934043633,0.0,1.6835016835017,1.1161846778285,0.064572667312393,0.0,0.0,0.2767400027674,0.0,0.09685900096859,6.475716064757201,0.0,0.0,2.7443383607767,0.14759466814261,0.0,0.0,0.050735667174023,0.0,0.0,0.0,0.1060836677275,1.8034223513676,0.0,0.0,0.0,0.0,0.07379733407130701,0.0,0.092246667589133,0.0,0.0,0.14298233476316,0.8394446750611099,0.0,0.0,4.7737650477377,0.0,2.2369816890365,0.0,0.0,0.0,0.0,0.0,0.0,0.0,0.0,0.0,0.0,0.0,0.0,0.0,0.0,0.22600433559338,0.046123333794567,0.0,0.0,0.05534800055348,0.0,0.0,0.0,0.0,0.0,0.0,0.25367833587012,0.0,0.0,1.2637793459711,0.0,0.0,0.0,0.61805267284719,0.0,0.43355933766893,0.0,0.0,0.0,0.0,0.0,0.0,0.10147133434805,0.0,0.0,0.26290300262903,0.0,0.41972233753056,0.53041833863752,0.0,0.05534800055348,0.12453300124533,0.0,0.0,0.0,0.0,0.046123333794567,0.0,0.08302200083022,0.0,0.0,0.0,0.0,0.29518933628523,0.0,0.0,0.0,0.07379733407130701,0.046123333794567,6.6648217333149,0.4935196716018599,0.4658456713251201,0.19371800193718,0.0,0.17988100179881,0.0,0.0,0.0,0.0,1.1484710114847,0.0,0.0,0.0,0.11530833448642,0.0,8.2191780821918,3.1456113647894,0.0,0.0,0.0,0.0,0.0,0.0,0.0,0.0,0.05534800055348,0.059960333932937,0.81177067478437,0.0,1.6419906830866,0.0,0.1706563350399,0.19371800193718,0.0,0.0,0.0,0.0,0.0,0.0,0.13375766800424,0.20755500207555,0.0,0.078409667450763,0.0,0.0,0.0,0.0,0.40127300401273,0.0,0.0,0.0,0.0,0.51658133849915,0.0,0.17526866841935,0.06918500069185,0.0,0.0,0.0,0.0,0.064572667312393,0.0,0.064572667312393,0.0,0.0,0.0,0.0,0.0,0.26290300262903,0.83483234168166,0.5903786725704501,0.0,0.0,0.0,0.1060836677275,0.0,1.494396014944,0.0,0.0,0.0,0.0,0.0,0.0,0.0,0.0,0.0,0.0,0.0,0.0,0.46123333794567,0.0
AZM05F,0.0,0.0,0.0,0.0,0.01456403132387,4.0756881504801,0.024646822240396,0.011203101018362,0.2229417102654,0.059376435397318,0.0,2.9307312264035,0.0,0.041451473767939,0.0,6.535889134112299,0.0,0.0,0.079542017230369,0.0,0.015684341425707,0.0,0.034729613156922,0.0,0.0,0.0,0.0,0.0,0.0,0.011203101018362,0.015684341425707,0.0,0.0,0.0,0.0,0.0,0.0,0.030248372749577,0.0,0.056015505091809,0.012323411120198,1.819383605382,0.17588868598828,0.0,0.013443721222034,0.0,0.19717457792317,0.13667783242401,0.0,0.12211380110014,24.487738205935,0.034729613156922,0.0,0.0,0.34729613156922,0.0,12.265154994903,0.0,0.0,0.0,1.0575727361334,0.0,0.0,0.0,0.0,0.0,0.0,0.0,0.0,0.0,0.0,0.0,0.0,0.040331163666103,0.0,0.0,0.59264404387134,0.012323411120198,0.0,0.3932288457445,1.1920099483537,0.9264964542185301,0.0,0.063857675804663,0.017924961629379,0.0,0.0,1.5919606547092,0.0,0.21285891934888,2.43443385129,0.0,0.15348248395156,0.0,2.6573755615554,0.0,0.0,0.048173334378956,0.59712528427869,0.0,1.2681910352786,0.51982388725199,0.066098296008335,0.0,0.0,0.05825612529548199,0.29688217698659,0.0,0.9511432764589199,0.0,0.025767132342232,0.0,0.43468031951244,0.0,0.0,0.0,0.08514356773955001,0.039210853564267,0.0,0.25206977291314,2.9576186688475,0.72035939548067,1.3018003383337,0.0,0.0,0.12883566171116,0.036970233360594,0.20277612843235,0.0,0.21285891934888,0.0,0.27783690525537,0.0,0.0,0.017924961629379,0.0,0.35737892248574,0.0,0.0,0.0,0.16132465466441,0.12323411120198,0.0,0.0,0.0,0.0,0.0,0.0,0.0,0.0,0.0,0.032488992953249,0.025767132342232,0.0,0.0,0.15572310415523,0.0,0.0,0.0,0.0,0.0,0.0,0.14339969303503,0.0,0.011203101018362,0.60832838529705,0.0,0.019045271731215,0.011203101018362,0.0,0.013443721222034,0.3002431072921,0.0,0.35065706187473,0.05041395458262801,0.011203101018362,0.0,0.025767132342232,0.0,0.071699846517516,0.0,1.2838753767043,0.0,0.043692093971611,0.36410078309676,0.06833891621200701,0.0,0.0,0.0,0.0,0.13555752232218,0.0,0.16916682537726,0.0,0.0,0.02352651213856,0.0,0.019045271731215,0.0,0.017924961629379,0.0,0.011203101018362,0.0,0.07506077682302499,0.0,3.5200143399693,0.0,0.0,0.0,0.0,0.0,0.0,0.16580589507176,0.0,0.0,0.07057953641568,0.24534791230213,0.11539194048913,0.0,0.38874760533716,0.0,2.8209408364235,0.41451473767939,0.0,0.0,0.0,0.0,0.0,0.02352651213856,0.017924961629379,0.0,1.6020434456257,0.0,0.02352651213856,0.0,0.3775445043188,0.0,0.0,0.0,0.0,0.0,0.0,0.0,0.0,0.0,1.9650239186207,0.0,0.0,0.0,0.0,0.0,0.0,0.019045271731215,0.0,0.0,0.0,0.0,0.0,0.019045271731215,0.0,0.042571783869775,0.0,0.0,0.026887442444069,0.04705302427712,0.0,0.031368682851413,0.017924961629379,0.0,0.0,0.0,0.0,0.0,0.0,0.0,0.33945396085637,0.45260528114182,0.0,0.0,0.0,0.035849923258758,0.0,0.0,0.0,0.0,0.053774884888137,0.0,0.022406202036724,0.0,0.17700899609012,0.056015505091809,0.0,0.0,0.25655101332049,0.4951770650116,2.1599578763402,0.0
AZM05G,0.0,0.016720810242691,0.0,0.0,0.0,0.0262755589528,0.0,0.020303841008981,0.020303841008981,0.0,0.0,2.6263615516912,0.0,0.0,0.0,0.065688897381999,0.0,0.0,0.011943435887636,0.0,0.0,0.052551117905599,0.32366711255494,0.059717179438181,0.0,0.0,0.0,0.0,0.033441620485381,0.27947639977069,0.041802025606727,0.0,0.037024651251672,0.0131377794764,0.0,0.0,0.0,0.0,0.0,0.017915153831454,0.16601375883814,0.031052933307854,0.0,0.11585132811007,0.034635964074145,0.072854958914581,0.43354672272119,0.1182400152876,1.3197496655838,0.074049302503344,11.144420026753,0.07763233326963499,0.0,0.045385056373017,0.0,0.5876170456717,8.33651824957,0.066883240970762,1.1190999426715,0.0,0.10390789222243,0.0,0.1576533537168,0.0,0.0,0.0,0.0,0.0,0.0,0.0,0.25081215364036,0.0,0.0,0.0,0.0,0.0,0.075243646092108,0.015526466653927,0.0,0.0,0.42279763042232,0.0,0.034635964074145,0.087187081979744,0.0,0.11107395375502,0.027469902541563,0.50640168163577,0.0,0.0,0.23050831263138,0.32127842537741,0.36188610739538,0.28664246130327,9.9011083508504,0.04299636919549,0.0,0.0,0.0,0.0,0.12301738964265,0.35352570227403,0.0,0.0,0.0,0.0,0.027469902541563,0.16004204089432,0.095547487101089,0.0,0.0,0.0,0.039413338429199,0.0,0.021498184597745,0.0,0.0,0.0,0.0,0.07763233326963499,0.4825148098604999,0.0,0.0,0.0,0.0,0.0,0.0,0.0,0.0,0.066883240970762,0.0,2.0279954137206,0.0,0.033441620485381,0.30336327154596,0.0,0.28067074335945,0.0,0.0,0.0,0.0,0.0,0.0,0.0,0.0,0.0,0.0,0.0,0.035830307662908,0.0,0.0,0.0,0.0,0.0,0.0,0.020303841008981,0.0,0.0,0.0,0.0,0.0,0.0,0.16243072807185,0.0,0.0,0.0,0.0,0.0,0.0,0.0,0.0,0.0,0.0,0.0,0.0,0.0,0.0,0.0,26.492929485955,0.131377794764,0.0,3.8911714121919,0.13854385629658,0.4168259124785,0.8073762660042,0.0,0.32725014332123,0.0,0.011943435887636,0.0,0.0,0.0,11.610214026371,0.0,0.0,0.031052933307854,2.1354863367093,0.023886871775272,0.020303841008981,0.30933498948978,0.023886871775272,0.0,0.0,0.10749092298873,0.039413338429199,2.4854290082171,0.13496082553029,0.0,0.0,0.027469902541563,0.52312249187846,0.15048729218422,0.0,0.0,0.0,1.7855436652016,0.0,0.0,0.0,0.41802025606727,0.0,0.060911523026944,0.7978215172941,0.0,0.0,0.0,0.040607682017963,0.0,0.025081215364036,0.0,1.0617714504109,0.0,0.0,0.076437989680871,0.0,0.42518631759985,0.0,0.12779476399771,0.20662144085611,0.020303841008981,0.0131377794764,0.0,0.0,0.0,0.0,0.0,0.016720810242691,0.0,0.0,0.0,0.0,0.047773743550545,0.0,0.0,0.0,0.0,0.0,0.0,0.0,0.0,0.0,0.0,0.0,0.0,0.0,0.0,0.0,0.0,0.0,0.0,0.0,0.0,0.0,0.0,0.0,0.033441620485381,0.033441620485381,0.0,0.0,0.0,0.0,0.0,0.0,0.0,0.032247276896618,0.0,0.0,0.0,0.0,0.0,0.0,0.0,0.0,0.10629657939996,0.0,0.027469902541563,0.0
AZM05H,0.0,0.0,0.0,0.0,0.0,0.0,0.0,0.020868424583004,0.0,0.05217106145751,0.0,2.4043406323133,0.0,0.022359026338933,0.0,0.0,0.047699256189724,0.0,0.0,0.0,0.0,0.0,0.084964300087946,0.09539851237944799,0.0,0.0,0.0,0.0,0.0,0.064095875504941,0.023849628094862,0.0,0.0,0.0,0.0,0.0,0.0,0.0,0.0,0.0,0.0,0.0,0.0,0.06707707901679899,0.0,0.0,0.31302636874506,0.0,0.0,0.0,2.0287089898192,0.0,0.0,0.0,0.0,0.0,0.17887221071146,0.0,0.0,0.0,0.0,0.0,1.4816581453933,1.0314964151028,0.0,0.0,0.0,0.0,0.0,0.0,1.0374588221265,0.0,0.0,0.0,0.0,0.0,0.047699256189724,0.0,0.0,0.0,0.050680459701582,0.0,0.044718052677866,0.0,0.0,0.09837971589130501,0.0,2.0063499634803,0.0,0.0,0.28023313011463,0.12073874223024,1.6441337367895,0.9077764693606801,3.4671396842905,0.083473698332017,0.0,0.0,0.0,0.0,0.5157482075513901,19.304783341035,0.15055077734882,0.0,0.07900189306423,0.0,0.081983096576088,0.0,0.2683083160672,0.14756957383696,0.0,0.0,0.0,0.0,0.0,0.0,0.0,0.0,0.0,0.0,1.8334401597925,0.17589100719961,0.0,0.0,0.0,0.0,0.0,0.0,0.0,0.081983096576088,0.0,7.126566995095899,0.0,0.0,0.11477633520652,0.0,0.22359026338933,0.0,0.0,0.0,0.0,0.0,0.0,0.0,0.0,0.0,0.0,0.0,0.025340229850791,0.11626693696245,0.2220996616334,0.68120500245949,0.0,0.63648694978163,0.0,0.44568992502273,0.0,0.0,0.0,0.0,0.0,0.0,0.17738160895554,0.0,0.0,0.27128951957905,0.0,0.038755645654151,0.0,0.0,0.0,0.028321433362649,0.0,0.0,0.076020689552372,0.0,0.0,0.0,3.8576773443439,0.0,1.7082296122945,5.9475010061562,1.6098498964032,0.37115983722629,7.299476798783699,0.0,0.11924814047431,0.0,0.0,0.0,0.055152264969368,0.083473698332017,0.56493806549704,0.0,0.023849628094862,0.0,0.50829519877174,0.0,0.29066734240613,1.7082296122945,0.0,0.0,0.0,0.0,0.0,1.7440040544368,0.0,2.9454290697154,0.0,0.056642866725297,1.907970247589,0.0,0.0,0.032793238630435,0.0,2.9171076363528,0.0,0.0,0.047699256189724,2.0272183880633,0.0,0.0,0.42482150043973,0.0,0.0,0.0,0.0,0.0,0.0,0.0,0.0,0.0,0.0,0.2116654493419,0.0,0.42780270395159,0.0,0.15353198086067,1.0240434063231,0.050680459701582,0.0,0.0,0.0,0.0,0.0,0.0,0.0,0.0,0.0,0.0,0.0,0.0,0.14160716681324,0.0,0.0,0.0,0.0,0.0,0.0,0.0,0.059624070237155,0.0,0.0,0.0,0.0,0.0,0.0,0.0,0.06558647726087,0.0,0.0,0.0,0.0,0.0,0.0,0.50531399525989,0.17738160895554,0.0,0.0,0.0,0.0,0.0,2.6890455676957,0.0,0.028321433362649,0.0,0.1550225826166,0.044718052677866,0.0,0.0,0.0,0.24893049324012,0.0,3.6489930985139,0.0,0.016396619315218,0.0
AZM05I,0.0,0.04004473964015,0.0,0.0,0.0,0.14084701528604,0.015189384001436,0.08147033237133901,1.0480674960991,0.033140474184951,0.05109156436846701,1.6777365056132,0.0,0.013808530910396,0.0,0.72909043206893,0.0,0.0,0.022093649456634,0.0,0.0,0.0,0.0,0.48191772877284,0.0,0.0,0.033140474184951,0.0,0.0,0.085612891644458,0.015189384001436,0.0,0.13256189673981,0.0,0.0,0.0,0.0,0.0,0.0,0.056614976732625,0.35211753821511,0.031759621093912,0.0,0.0,0.015189384001436,0.0,0.15603639928748,0.14222786837708,0.0,0.013808530910396,3.8429141523633,0.034521327275991,0.0,0.0,0.1463704276502,1.3546168823099,0.61586047860368,0.031759621093912,0.0,0.0,0.17260663637996,0.0,0.18779602038139,0.13118104364877,0.0,0.0,0.0,0.0,0.0,0.0,0.17951090183515,0.0,0.0,0.0,0.041425592731189,0.0,0.0,0.0,0.046949005095348,0.0,0.64071583424239,0.47915602259076,1.4885596321407,1.9760007732777,0.0,9.2682859470581,0.20712796365595,1.2151507201149,0.11046824728317,0.017951090183515,0.54543697096066,0.015189384001436,0.12565763128461,3.447990168326,1.6100747041522,0.0,0.0,0.0,5.7181126499952,0.0,0.30102597384664,0.12151507201149,0.0,0.0,0.0,0.0,0.091136304008617,0.14360872146812,0.31759621093912,0.013808530910396,0.0,0.017951090183515,0.12980019055773,0.0,0.0,0.0,0.0,0.0,0.0,0.0,1.220674132479,0.0,0.07732777309821999,0.0,0.6724754553363099,0.0,0.0,0.0,0.0,0.77603943716428,0.0,4.316546762589899,0.0,0.26926635275273,0.88098427208329,0.1463704276502,0.63519242187824,0.27478976511689,0.0,0.027617061820793,0.0,0.093898010190696,0.052472417459506,0.0,0.04004473964015,0.0,0.0,0.0,0.0,0.0,0.0,0.11737251273837,0.0,0.0,0.07594692000718,0.017951090183515,0.0,0.0,0.035902180367031,0.0,0.0,0.0,0.1532746931054,0.0,0.0,1.322857261216,0.022093649456634,0.017951090183515,0.019331943274555,0.069042654551982,0.0,1.0480674960991,0.0,0.0,0.0,0.044187298913269,0.0,0.0,0.9914525193664601,0.0,0.03728303345807,1.7205429514354,0.0,0.14222786837708,2.4303014402298,0.0,0.067661801460943,0.1601789585606,0.0,0.0,0.0,0.024855355638714,0.26788549966169,0.0,0.0,0.045568152004308,0.0,0.0,0.22231734765738,0.53162844005026,0.0,0.023474502547674,0.03728303345807,0.0,0.0,0.99697593173062,0.45430066695204,0.60343280078432,0.0,0.023474502547674,0.30793023930184,0.089755450917577,0.0,0.0,0.0,0.85750976953562,0.0,12.502243886273,0.0,0.48329858186388,0.0,10.789986053384,0.45706237313412,0.0,0.0,0.0,0.0,0.0,0.36178350985239,0.0,0.4667283447714,0.21679393529322,0.071804360734061,0.2264599069305,0.0,0.49020284731907,0.013808530910396,0.19193857965451,0.15603639928748,0.022093649456634,0.0,0.0,0.0,0.0,0.0,0.28859829602729,0.013808530910396,0.0,0.024855355638714,0.0,0.0,0.0,0.022093649456634,0.23612587856778,0.016570237092476,0.0,0.0,0.0,0.0,0.0,0.056614976732625,0.056614976732625,0.0,0.0,0.0,0.0,0.0,0.0,0.0,0.0,0.0,0.0,0.0,0.0,0.04004473964015,2.1499882627487,0.48467943495492,0.0,0.0,0.0,0.0,0.0,0.093898010190696,0.0,0.20160455129179,0.0,0.19884284510971,0.088374597826537,0.0,0.0,0.020712796365595,0.0,0.0,2.6263825791574,0.84784379789834,2.6995677929825,0.0
AZM05J,0.0,0.011676052416494,0.0,0.0,0.0,0.66643314561834,0.054787630569702,0.0,2.9720044189368,8.6753069454549,0.26944736345755,1.7487133888395,0.0,0.036824473005865,0.0,3.0708017855379,0.0,0.0,1.2529302400776,0.012574210294686,0.048500525422359,0.18322420715113,0.015268683929261,0.22543762742615,0.0,0.013472368172877,0.031435525736714,0.0,0.036824473005865,1.5565076029064,0.034129999371289,0.040417104518632,0.10238999811387,0.0,0.055685788447893,0.0,0.0,0.026046578467563,0.0,0.36375394066769,0.0,0.026944736345755,0.46344946514698,0.14370526051069,0.0,0.021555789076604,0.42123604487197,2.3837110087211,0.0,0.1535849971708,20.212144890829,0.042213420275016,0.0,0.018861315442028,0.4508752548523,15.180664457198,2.6576491615696,0.20298368047135,0.50745920117838,0.0,0.30716999434161,0.0,0.048500525422359,0.0,0.0,0.0,0.11316789265217,0.0,0.056583946326085,0.0,0.022453946954796,0.0,0.0,0.0,0.0089815787819183,0.0,0.0,0.0,0.0,0.0,0.036824473005865,0.0,0.0,0.10328815599206,0.0,0.047602367544167,0.013472368172877,0.33231841493098,0.0,0.009879736660110099,0.75175814404656,0.0,0.10328815599206,0.0,3.5935296706455,0.0,0.0,0.0,0.0,0.0,0.4841070963454,0.08981578781918301,0.0,0.0,0.0,0.0,0.033231841493098,0.0,0.25866946891925,0.0,0.0089815787819183,0.0089815787819183,0.13831631324154,0.0,0.0,0.07364894601173,0.0,0.0,0.0,0.21465973288785,0.45356972848687,0.0,0.0,0.0,0.0,0.010777894538302,0.0,0.0,0.0,0.67721104015664,0.0,0.2092707856187,0.0,0.0,0.31255894161076,0.0,0.57571919992096,0.0,0.0,0.0,0.08981578781918301,0.016166841807453,0.014370526051069,0.012574210294686,0.0,0.0,0.0,0.12843657658143,0.0,0.0,0.0,0.0440097360314,0.0,0.0,0.15627947080538,0.06556552510800301,0.0,0.0,0.0,0.0,0.0,0.013472368172877,0.32513315190544,0.0,0.0,0.16705736534368,0.0,0.0,0.0,0.0,0.0,0.012574210294686,0.09340841933195,0.047602367544167,0.009879736660110099,0.0,0.030537367858522,0.0,0.09071394569737501,0.01975947332022,0.0,1.5762670762267,0.0,0.25507683740648,0.39159683489164,0.0,0.0,0.0,0.0,0.0,0.040417104518632,0.033231841493098,0.036824473005865,0.013472368172877,0.10418631387025,0.38171709823153,0.0,0.0,0.014370526051069,0.038620788762249,0.0,0.017064999685645,0.0,0.20208552259316,0.0,1.5663873395665,0.0,0.0,0.0,0.0,0.1760389441256,0.010777894538302,0.0,0.0,0.0,0.17783525988198,0.0,0.0,0.0,0.36195762491131,0.0,12.485292664745,0.038620788762249,0.0,0.0,0.015268683929261,0.0,0.0,0.06556552510800301,0.0,0.0,0.0,0.014370526051069,0.12484394506866,0.0,0.77331393312316,0.0,0.15178868141442,0.058380262082469,0.0,0.012574210294686,0.0,0.0089815787819183,0.0,0.0,0.0,0.0,0.0,0.0,0.0089815787819183,0.0089815787819183,0.0,0.0,0.034129999371289,0.0,0.0,0.0,0.0,0.4203378869937801,0.0,0.06197289359523601,0.02963920998033,0.0,0.0,0.0,0.0,0.19669657532401,0.0,0.027842894223947,0.0,0.0,0.0,0.046704209665975,0.0,0.017064999685645,0.032333683614906,0.027842894223947,0.010777894538302,0.0,0.023352104832988,0.0,0.0,0.4939868330055099,0.0,0.0,0.0,0.0,0.0,0.0,0.018861315442028,0.0,0.0,0.0,0.0,0.014370526051069,1.5897394443995,0.8137310376417999
AZM05K,0.0,0.057096975644571,0.0,0.0,0.0,0.089214024444643,0.0,0.15344812204479,0.03746989026675,0.0,0.0,1.2258006958694,0.0,0.0,0.0,0.0,0.18913373182264,0.0,0.0,0.0,0.10884110982246,0.0,0.59773396377911,0.36934606120082,0.0,0.0,0.13382103666696,0.0,0.0,0.0,0.11776251226693,0.0,0.19805513426711,0.053528414666786,0.0,0.0,0.0,0.0,0.0,0.039254170755643,0.48532429297886,0.0,0.021411365866714,0.0,0.0,0.0,0.0,0.0,0.0,0.06958693906682101,10.655723079668,0.0,0.0,0.0,0.11419395128914,0.0,0.63341957355696,0.03568560977785699,0.0,0.0,0.7850834151128601,0.0,0.7922205370684301,0.15880096351146,0.0,0.030332768311179,0.0,0.0,0.033901329288964,0.0,0.33366045142296,0.0249799268445,0.0,0.0,0.0,0.0,0.064234097600143,0.11062539031136,0.0,0.0,1.8842001962709,0.0,0.019627085377821,4.6676777589437,0.0,1.0313141225801,0.10170398786689,7.153180479971501,0.0,0.0,3.1581764653404,0.03568560977785699,0.7922205370684301,0.19627085377821,6.218217503791601,0.0,0.044607012222321,0.0,0.048175573200107,0.0,0.9385315371576399,1.364974574003,0.0,0.0,0.019627085377821,0.028548487822286,0.12133107324471,0.7922205370684301,1.8110446962262,0.021411365866714,0.028548487822286,0.0,0.54242126862343,0.028548487822286,0.0249799268445,0.0,0.0,0.0,0.0,0.0,4.2162547952538,0.61379248817914,0.019627085377821,0.0,0.0,0.03746989026675,0.0,0.021411365866714,0.0,0.9313944152020699,0.0,7.336961370327399,0.0,0.12668391471139,3.4079757337854,0.0,1.1276652689803,0.0,0.0,0.078508341511286,0.0,0.249799268445,0.349718975823,0.0,0.0,0.044607012222321,0.08029262200017799,0.073155500044607,0.0,0.0,0.0,0.0,0.0,0.0,0.0,0.10884110982246,0.0,0.0,0.0,0.0,0.0,0.0,0.058881256133464,0.033901329288964,0.0,0.053528414666786,0.0,0.0,0.0,0.0,0.0,0.076724061022393,0.0,0.0,0.0,0.0,0.0,0.0,1.6700865376037,0.0,0.0,0.22303506111161,0.23909358551164,0.18556517084486,1.2793291105362,0.0,0.0,0.0,0.0,0.0,0.06244981711124999,0.0,0.54420554911232,0.0,0.0,0.0,0.0,0.0,0.042822731733428,0.7172807565349301,0.0,0.076724061022393,0.0,0.0,0.0,1.1133910250691,0.03746989026675,0.0,0.0,1.0973325006691,1.6040681595147,0.0,0.0,0.042822731733428,0.0,4.9424569542332,0.0,0.0,0.0,4.1734320635204,0.017842804888929,2.5854224284057,0.17664376840039,0.017842804888929,0.0,0.028548487822286,0.0,0.0,0.4746186100455,0.073155500044607,0.0249799268445,0.041038451244536,0.055312695155678,0.46391292711214,0.0,0.17664376840039,0.0,0.20876081720046,0.32652332946739,0.0,0.0,0.0,0.017842804888929,0.039254170755643,0.0,0.35864037826746,0.0,0.0,0.067802658577928,0.0,0.019627085377821,0.030332768311179,0.0,0.0,0.0,0.0,0.0,0.0,0.0,0.0,0.14452671960032,0.0,0.0,0.0,0.0,0.0,0.0,0.0,0.0,0.021411365866714,0.033901329288964,0.0,0.0,0.0,0.0,0.019627085377821,1.7307520742261,0.0,0.0,0.0,0.0,0.0,0.63341957355696,0.0,0.0,0.0,0.15166384155589,2.8673387456508,0.0,0.10527254884468,0.0,0.0,0.0,1.714693549826,0.29619056115621,0.47105004906771,0.0
AZM05L,0.0,0.0,0.0,0.0,0.0,0.040830693417811,0.0,0.0,0.042238648363252,0.0,0.0,0.20274551214361,0.0,0.0,0.0,0.47870468145019,0.0,0.0,0.20837733192538,0.0,0.0,0.0,0.0,0.0,0.0,0.0,0.0,0.019711369236184,0.0,0.0,0.0,0.0,0.02393523407251,0.0,0.0,0.0,0.0,0.0,0.0,0.10841253079901,0.0,0.13375571981697,0.0,0.44632171770503,0.083069341781063,0.0,0.34635691657867,0.34635691657867,0.0,0.0,1.5726856740584,0.11545230552622,0.10841253079901,0.045054558254136,0.0,0.25765575501584,1.4361140443506,0.016895459345301,0.06476592749032,0.0,3.8000703977473,0.0,0.0,0.0,0.0,0.0,0.0,0.0,0.0,0.0,0.0,0.0,0.0,0.0,0.0,0.0,0.0,0.0,0.0,1.3755719816966,8.5871172122492,2.7638155579021,0.0,0.40267511439634,0.0,0.09574093629003899,0.0,0.5054558254135899,0.0,0.0,3.5170714537135,0.0,0.11967617036255,0.0,3.1946497712073,0.0,0.050686378035903,0.0,0.81098204857445,0.050686378035903,2.610348468849,0.73072861668427,0.0,0.0,0.0,0.0,0.85885251671947,0.014079549454417,0.21823301654347,0.0,0.0,0.0,3.8887715593101,0.0,0.0,0.0,1.1502991904259,0.0,0.0,0.091517071453713,7.196057726152801,0.32664554734249,0.5223512847588899,0.0,0.0,0.035198873636044,0.0,2.2400563181978,0.0,0.9334741288278801,0.0,0.076029567053854,0.0,0.0,0.05209433298134501,0.0,0.18303414290743,0.0,0.0,0.03238296374516,0.12953185498064,0.0,0.0,0.0,0.0,0.0,0.0,0.0,0.0,0.0,0.0,0.12530799014432,0.0,0.0,0.11545230552622,0.13234776487152,0.0,0.0,0.0,0.0,0.0,0.0,0.8504047870468099,0.0,0.046462513199578,1.3882435762056,0.0,0.0,0.015487504399859,0.0,0.029567053854277,0.26328757479761,0.0,0.5758535726856701,0.0,0.0,0.0,0.10982048574446,0.0,0.0,0.0,0.19148187258008,0.036606828581485,0.0,0.46321717705033,0.28299894403379,0.0,0.0,0.0,0.0,0.18162618796199,0.0,0.033790918690602,0.0,0.0,0.0,0.016895459345301,0.073213657162971,0.0,0.0,0.0,0.050686378035903,0.0,0.05631819781766999,0.0,4.5983808518127,0.0,0.0,0.0,0.0,0.050686378035903,0.0,0.070397747272087,0.0,0.0,0.0,0.0,2.2259767687434,0.073213657162971,0.8532206969377,0.0,3.5072157690954,0.0,0.0,0.022527279127068,0.0,0.0,0.0,0.13516367476241,0.0,0.0,0.3238296374516,0.0,0.046462513199578,13.175642379444,0.21119324181626,0.0,0.0,0.0,0.0,0.0,0.0,0.0,0.0,0.0,4.4491376275959,0.0,0.0,0.0,0.0,0.0,0.0,0.11263639563534,0.0,0.0,0.0,0.0,0.0,0.071805702217529,0.0,0.016895459345301,0.098556846180922,0.0,0.0,0.0,0.0,0.0,0.0,0.0,0.0,0.0,0.0,0.0,0.0,0.0,0.9700809574093601,0.19992960225273,0.0,0.0,0.0,0.0,0.0,0.74480816613868,0.0,0.0,0.0,0.0,0.0,0.0,0.0,0.0,0.0,0.0,0.0,0.0,0.025343189017951,0.0
AZM05M,0.0,0.041834752726729,0.0,0.032870162856716,0.0,0.31376064545047,0.0,0.0,0.99805767219483,0.14044524129688,0.39145375765725,0.77991931869117,0.0,0.0,0.0,5.8239952188854,0.0,0.05079934259674301,1.0578216046616,0.20020917376363,0.0,0.31077244882713,0.4063947407739399,3.4633198864485,0.9113999701180301,0.0,0.0,0.14044524129688,0.12251606155685,0.23905572986703,0.07171671896010799,0.0,0.31077244882713,0.0,0.07171671896010799,0.0,0.0,0.0,0.0,0.5677573584341901,0.0,0.0,0.0,0.0,0.0,0.0,0.0,0.28089048259375,0.0,0.27192589272374,0.442253100254,0.0,0.0,0.0,0.0,0.0,0.0,0.38248916778724,0.0,0.0,0.22710294337367,0.29284326908711,0.0,0.06872852233677,0.0,0.0,0.17331540415359,0.0,0.41535933064396,0.056775735843419,0.0,0.044822949350067,0.25698490960705,0.24204392649036,0.0,0.0,0.0,0.5677573584341901,0.0,0.0,0.0,0.08068130883012099,0.0,0.9203645599880499,0.0,0.0,0.035858359480054,0.37651277454056,0.0,0.0,0.20020917376363,0.0,0.0,0.0,0.37053638129389,0.0,0.032870162856716,0.05079934259674301,0.51994621246078,0.0,0.32272523532048,0.11952786493351,0.0,0.10458688181682,0.0,0.0,0.065740325713432,0.37053638129389,0.089645898700134,0.065740325713432,0.0,0.07171671896010799,4.751232631107101,0.0,0.12550425818019,0.0,0.0,0.0,0.0,0.0,0.61855670103093,0.0,0.0,0.0,0.0,0.0,0.089645898700134,0.0,0.0,0.34663080830719,0.0,0.0,0.0,0.9472583295980899,3.8129388913791,0.044822949350067,0.54982817869416,0.0,0.0,0.0,0.0,0.092634095323472,0.11653966831017,0.0,0.25100851636038,1.6943074854325,0.05079934259674301,0.044822949350067,0.089645898700134,0.0,0.0,0.0,0.0,0.25100851636038,0.69027341999104,0.32272523532048,0.0,0.029881966233378,0.0,0.0,0.0,0.047811145973405,0.1105632750635,0.0,0.0,0.23009113999701,0.0,0.0,0.065740325713432,0.0,0.0,0.48109965635739,0.032870162856716,0.0,0.0,0.0,0.0,0.06872852233677,0.0,0.0,0.0,0.34065441506051,0.0,0.63947407739429,1.5090392947856,0.0,0.035858359480054,0.0,0.0,0.10757507844016,0.035858359480054,0.053787539220081,0.05976393246675601,0.19124458389362,0.0,0.0,0.0,0.0,0.0,0.14940983116689,0.0,0.083669505453459,0.12251606155685,0.0,0.0,0.0,0.0,0.0,0.0,0.0,0.077693112206783,0.0,0.0,0.0,0.0,0.0,0.20020917376363,0.0,1.4403107724488,0.4781114597340501,0.0,21.042880621545,0.0,0.34065441506051,0.0,0.0,0.0,0.0,4.7482444344838,0.0,0.0,0.0,0.0,0.0,0.0,0.27192589272374,0.0,0.0,0.0,0.0,0.0,0.0,0.0,0.0,0.089645898700134,0.0,0.029881966233378,0.0,8.3400567757358,0.0,0.0,0.17630360077693,0.12251606155685,0.21515015688032,0.0,0.0,0.0,0.0,2.0648438667264,0.0,0.13148065142686,0.15239802779023,0.10757507844016,0.0,0.0,0.0,0.0,0.0,0.056775735843419,0.0,0.0,0.0,0.0,0.0,0.0,0.044822949350067,0.31973703869715,0.0,0.0,0.0,0.0,0.0,0.0,0.0,0.0,0.0,0.0,0.16733901090692,0.0,0.0,0.0,0.0,0.0,0.0,0.05976393246675601,13.201852681906,0.086657702076797
AZM05N,0.8551654645736101,0.042426813746288,0.033145948239287,0.0,0.09413449299957599,1.4067140432754,0.0,0.068943572337717,0.0,0.0,0.0,1.1084005091218,0.087505303351718,0.037123462028002,0.0,0.074246924056003,0.09546033092914699,0.0,0.025190920661858,0.0,0.0,0.0,0.0,0.9333899024183301,0.0,0.0,0.0,0.0,0.021213406873144,0.03579762409843,0.045078489605431,0.0,0.11004454815443,0.0,0.0,0.0,0.039775137887145,0.0,0.015910055154858,0.0,0.12728044123886,0.0,0.0,0.0,0.0,0.0,0.013258379295715,0.94001909206619,0.0,0.0,13.45990666101,0.021213406873144,0.019887568943572,0.0,0.0,0.102089520577,6.413078065337301,0.0,0.0,0.23202163767501,0.48260500636402,0.0,0.0,0.084853627492575,0.037123462028002,0.043752651675859,0.0,0.0,0.059662706830717,0.0,0.69341323716589,0.0,0.0,0.0,0.027842596521001,0.0,0.050381841323717,0.49188587187102,0.09280865507000399,0.0,0.9015697921086099,0.046404327535002,0.0,9.5380780653373,0.0,0.086179465422147,0.057011030971574,3.1488650827323,0.0,0.0,1.1959058124735,0.0,2.094823928723,0.023865082732287,0.32483029274501,0.0,0.0,0.0,0.20152736529487,0.0,1.2197708952058,8.0014319049639,0.086179465422147,0.018561731014001,0.0,0.02651675859143,0.068943572337717,1.4186465846415,0.80345778532032,0.030494272380144,0.0,0.56613279592703,0.041100975816716,0.039775137887145,0.0,0.0,0.0,0.0,0.0,0.049056003394145,0.25190920661858,0.0,0.021213406873144,0.0,0.0,0.018561731014001,0.013258379295715,0.0,0.0,0.6019304200254599,0.0,0.8008061094611799,0.063640220619431,0.19489817564701,2.493901145524,0.17235893084429,1.7938587187102,0.0,0.0,0.102089520577,0.0,0.18031395842172,0.0,0.09811200678829,0.0,0.0,0.034471786168859,0.06231438268986,0.0,0.0,0.0,0.0,0.0,0.0,0.0,0.12462876537972,0.0,0.015910055154858,0.0,0.0,0.0,0.0,1.7275668222317,0.0,0.18959482392872,0.07159524819686,0.043752651675859,0.0,0.0,0.0,0.0,0.13921298260501,0.0,0.0,0.0,0.0,0.021213406873144,0.41498727195588,0.29433602036487,0.013258379295715,0.15379719983029,0.25190920661858,0.30494272380144,0.013258379295715,1.2409843020789,0.0,0.015910055154858,0.034471786168859,0.022539244802715,0.017235893084429,0.0,0.018561731014001,0.064966058549003,0.0,0.0,0.0,0.0,0.0,0.24793169282987,0.09413449299957599,0.0,0.041100975816716,0.0,0.059662706830717,0.0,1.1786699193891,0.18163979635129,0.0,0.0,0.28770683071701,0.61121128553246,0.099437844717862,0.015910055154858,0.0,0.0,2.3931374628765,0.0,0.039775137887145,0.0,1.8389372083157,1.5141069155706,3.627492575307599,0.038449299957573,0.014584217225286,0.0,0.014584217225286,0.0,0.0,0.94532244378447,0.07159524819686,0.49984089944845,0.0,0.019887568943572,0.13125795502758,0.064966058549003,0.4269198133220199,0.0,0.13258379295715,0.26384174798473,0.0,0.0,0.0,0.037123462028002,0.034471786168859,0.0,0.0,0.076898599915146,0.0,0.075572761985575,0.0,0.0,0.0,0.53166100975817,0.0,0.0,0.0,0.0,0.61518879932117,0.0,0.19224649978787,0.35134705133644,0.13390963088672,0.0,0.0,0.0,0.0,0.0,0.0,0.014584217225286,0.0,0.0,0.0,0.0,0.0,0.0,0.076898599915146,0.29433602036487,0.017235893084429,0.0,0.0,0.038449299957573,0.0,0.055685193042003,0.13656130674586,0.3672571064913,0.0,0.0,0.083527789563004,0.33676283411116,0.13921298260501,0.0,0.0,0.12993211709801,0.0,0.046404327535002,0.6973907509546,0.0
AZM05O,0.1044813409953,0.0,0.0,0.0,0.0,0.12719467599428,0.0,0.0,0.58827537647353,0.13400867649397,0.13628000999387,0.72909805346719,0.0,0.1044813409953,0.0,0.25438935198855,0.0,0.0,1.4945374429327,0.065868671497036,0.099938673995503,0.036341335998365,0.28618802098712,8.6060826311127,0.0,0.0,0.0,0.15899334499285,0.0,0.15217934449315,0.034070002498467,0.0,0.27483135348763,0.0,0.0,0.0,0.0,0.0,0.0,0.12038067549458,0.0,0.18624934699162,0.0,0.0,0.0,0.0,0.0,0.029527335498671,0.022713334998978,0.0,0.45880936697935,0.28618802098712,0.034070002498467,0.0,0.0,0.33161469098508,0.022713334998978,0.40429736298181,0.32707202398528,0.0,0.64278738047107,0.0,0.045426669997956,0.07722533899652499,0.0,0.0,0.0,0.034070002498467,0.14990801099325,0.029527335498671,0.031798668998569,0.0,0.33388602448498,0.0,0.04088400299816,0.0,0.024984668498876,0.59736071047312,0.0,0.0,5.1218570422695,0.0,0.0,0.9176187339587101,0.0,0.093124673495809,0.0,2.378086174393,0.0,0.070411338496831,0.56101937447475,0.0,0.15217934449315,0.0,1.0289140754537,0.0,0.0,0.0,0.090853339995912,0.095396006995707,0.24757535148886,0.42246803098099,0.22486201648988,0.024984668498876,0.0,0.1022100074954,0.027256001998773,0.97667340495605,0.24303268448906,0.0,0.0,0.17716401299203,2.4984668498876,0.034070002498467,0.0,0.0,0.0,0.031798668998569,0.0,0.0,3.33431757785,0.1044813409953,0.1067526744952,0.0,0.0,0.0,0.031798668998569,0.0,0.070411338496831,0.30208735548641,0.0,0.0,0.88809139846004,0.19760601449111,2.6392895268812,0.034070002498467,0.9721307379562499,0.0,0.11129534149499,0.0,0.0,0.08176800599632,0.0,0.0,0.0,0.29981602198651,1.1402094169487,0.0,0.0,0.0,0.0,0.0,0.0,0.0,0.0,0.0,0.0,0.0,0.0,0.05678333749744501,0.0,0.0,0.23394735048947,0.0,0.0,0.084039339496218,0.0,0.0,0.0,0.0,0.063597337997138,0.070411338496831,0.036341335998365,0.0,0.0,0.0,0.0,0.0,0.14082267699366,0.0,0.0,0.11129534149499,0.16353601199264,0.022713334998978,0.22031934949009,0.027256001998773,0.06132600449724,0.0,0.0,0.0,0.0,0.0,0.0,0.0,0.0,0.0,0.0,0.05678333749744501,0.0,0.37249869398324,0.0,0.074954005496627,0.0,0.0,0.0,0.0,0.059054670997343,0.0,0.0,0.0,0.072682671996729,0.10902400799509,0.031798668998569,0.0,0.063597337997138,0.27256001998773,0.0,0.099938673995503,0.0,0.89717673245963,0.0,32.88436641152,0.031798668998569,0.059054670997343,0.029527335498671,0.0,0.0,0.22486201648988,0.54284870647557,0.0,0.36114202648375,0.0,0.0,0.095396006995707,0.0,0.17943534649193,0.0,0.0,0.0,0.0,0.0,0.0,0.093124673495809,0.1022100074954,0.0,0.0,1.9510754764122,0.0,0.0,0.0,0.0,0.0,0.38385536148273,0.24757535148886,0.0,0.031798668998569,0.0,0.0,0.14763667749336,0.0,0.21577668249029,0.038612669498262,0.0,0.11129534149499,0.17716401299203,0.0,0.0,0.0,0.2044200149908,0.0,0.031798668998569,0.0,0.0,0.0,0.0,0.07949667249642299,0.93578940195789,0.065868671497036,0.1044813409953,0.05224067049764901,0.24984668498876,0.0,0.072682671996729,0.0,0.0,0.0,0.0,0.0,0.36341335998365,0.23394735048947,0.0,0.13173734299407,0.0,0.0,4.5199536647966,3.8953369523247,0.7472687214663699
AZM05P,0.0,0.0,0.0,0.0,0.0,0.44636938171211,0.0,0.0,0.34030140982013,0.10164847306315,1.0783577142352,0.5833738454059301,0.0,0.0,0.0,0.0,0.0,0.0,1.7501215362178,0.070711981261325,0.0,13.576700402174,0.0,1.1844256861272,0.05745348477482701,0.0,0.079550978918991,0.34472090864896,0.0,0.044194988288328,0.19003844963981,0.18561895081098,0.083970477747823,0.0,0.11932646837849,0.0,0.0,0.0,0.0,0.15468245900915,0.0,0.35355990630662,0.0,0.0,0.0,0.0,0.0,0.68944181729792,0.0,0.0,7.5087285101869,0.0,0.0,0.0,0.0,0.41985238873912,0.16352145666681,0.083970477747823,0.61431033720776,0.0,0.18119945198215,0.0,0.0,0.066292482432492,0.0,0.0,0.0,0.0,0.12374596720732,0.083970477747823,0.0,0.0,0.0,0.0,0.12374596720732,0.0,0.0,0.0,0.0,0.0,0.35355990630662,0.0,0.0,0.41985238873912,0.0,0.0,0.0,0.092809475405489,0.0,0.0,2.1964909179299,0.0,0.070711981261325,0.0,0.14584346135148,0.0,0.0,0.0,0.0,0.0,1.0253237282892,0.49498386882927,0.0,0.0,0.0,0.12374596720732,0.0,0.0,0.15026296018032,0.0,0.0,0.37565740045079,1.2904936580192,0.0,0.0,0.0,0.0,0.0,0.0,0.061872983603659,0.49056437000044,0.0,0.0,0.0,0.0,0.0,0.0,0.0,0.11932646837849,1.0960357095505,0.0,0.066292482432492,0.0,0.053033985945994,0.3093649180183,0.0,0.73805630441508,0.0,0.45520837936978,0.0,0.0,0.2563309320723,0.0,0.0,0.0,0.0,0.0,0.35797940513546,0.0,0.13258496486498,0.0,0.066292482432492,0.0,0.0,0.31820391567596,0.044194988288328,0.0,0.0,0.0,0.0,0.0,0.083970477747823,0.14142396252265,0.13258496486498,0.0,0.26075043090114,0.0,0.0,0.0,0.0,0.0,0.0,0.0,0.061872983603659,0.0,0.0,0.0,0.0,0.0,0.0,0.0,0.05745348477482701,0.13700446369382,0.69386131612675,0.25191143324347,0.0,0.070711981261325,0.0,0.0,0.0,0.053033985945994,0.048614487117161,0.0,0.0,0.0,0.0,0.0,0.0,0.0,0.0,0.0,0.0,0.0,0.0,0.0,0.38891589693729,0.0,0.0,0.0,0.0,0.23423343792814,0.0,0.0,0.0,0.13258496486498,0.0,0.0,0.0,0.0,0.5259203606311,0.083970477747823,29.34547222345,0.49498386882927,0.0,0.0,0.0,0.0,0.0,0.10164847306315,0.0,0.0,0.0,0.0,0.044194988288328,0.12816546603615,0.15468245900915,0.0,0.21655544261281,0.066292482432492,0.0,0.083970477747823,0.0,0.0,0.044194988288328,0.0,0.0,0.0,0.0,0.0,0.0,0.0,0.0,1.1490696954965,0.11048747072082,0.0,0.0,0.0,0.0,1.4098201263977,0.0,0.30494541918946,0.24749193441464,0.0,0.46404737702745,0.51708136297344,0.0,0.0,0.0,0.0,0.0,0.0,0.0,0.0,0.0,0.0,1.7015070491006,0.0,0.0,0.0,0.0,0.0,0.0,1.639634065497,0.0,0.0,0.0,0.0,0.0,0.0,0.0,0.0,0.0,0.0,0.38007689927962,0.0,0.8264462809917401,0.0
AZM05Q,0.011452487792689,0.0,0.066632656248373,0.031234057616425,0.027069516600902,4.2884361107351,0.0,0.0,0.060385844725088,0.37689096190486,0.014575893554332,2.2748805297296,0.0,0.0,0.022904975585378,0.39250799071307,0.0,0.0,0.040604274901352,0.016658164062093,0.0,0.0,0.58928255369655,0.5465960082874399,0.0,0.07183833251777699,0.031234057616425,0.056221303709565,0.0,0.12389509521182,0.034357463378067,0.011452487792689,0.15512915282824,0.0,0.10723693114973,0.0,0.032275192870306,20.062676342284,0.7340003539859901,1.3180772314131,0.040604274901352,0.14471780028944,0.0,0.0,0.0,0.0,1.2358275463565,0.0,0.0,0.36543847411217,14.511343168591,0.69443721433851,0.0,0.0,0.16033482909765,0.46538745848473,2.4872721215213,0.043727680662995,1.6408291601162,0.0,0.18844548095243,0.0,0.0,0.0,0.0,0.0,0.0,0.0,0.084331955564347,0.060385844725088,0.0,0.01249362304657,0.041645410155233,0.0,0.02498724609314,0.0,0.035398598631948,0.13326531249675,0.0,0.0,0.59865277098148,0.0,0.0,0.76315214109465,0.0,0.044768815916876,0.0,0.49245697508563,0.0,0.0,1.537756769982,0.0,0.21863840331497,0.0,1.3097481493821,0.0,0.01249362304657,0.0,0.093702172849275,0.0,0.48829243407011,0.3310810107341,0.13118304198898,0.015617028808212,0.0,0.13742985351227,0.03748086913971,0.0,0.036439733885829,0.0,0.030192922362544,0.15721142333601,0.69860175535404,0.0,0.032275192870306,0.0,0.0,0.0,0.0,0.0,0.13222417724287,0.016658164062093,0.0,0.0,0.0,0.038522004393591,0.0,0.0,0.0,1.8854959447782,0.0,0.11244260741913,0.0,0.020822705077617,0.36023279784277,0.0,0.33836895751127,0.0,0.098907849118679,0.13951212402003,0.18844548095243,0.038522004393591,0.0,0.0,0.0,0.018740434569855,2.1551499755333,0.1468000707972,0.19052775146019,0.0,0.0,0.0,0.0,0.0,0.0,0.0,0.0,0.0,0.0,0.047892221678518,0.0,0.081208549802705,0.44664702391488,0.0,0.0,0.18323980468303,0.016658164062093,0.013534758300451,0.0,0.014575893554332,0.0,0.10099011962644,0.0,0.02498724609314,0.0,0.0,0.0,0.041645410155233,0.13430644775063,0.0,0.0,0.71421878416225,0.0,0.0,0.27590084227842,0.0,0.045809951170757,0.0,0.0,0.0,0.080167414548824,0.013534758300451,0.048933356932399,0.022904975585378,0.0,0.16658164062093,0.0,0.0,0.026028381347021,0.34565690428844,0.0,0.016658164062093,0.016658164062093,0.0,0.0,0.19781569823736,0.038522004393591,0.0,0.0,0.068714926756135,0.17074618163646,0.0,0.0,0.0,0.0,0.1738695873981,0.0,0.0,0.0,0.6090641235202899,0.0,7.002675717602499,0.0,0.0,0.0,0.0,0.0,0.0,0.04997449218627999,0.0,0.013534758300451,0.0,0.026028381347021,0.027069516600902,0.0,0.040604274901352,0.0,0.027069516600902,0.020822705077617,0.010411352538808,0.0,0.0,0.0,0.0,0.0,0.0,0.0,0.0,0.011452487792689,0.0,0.0,0.0,0.61531093504357,0.15304688232048,0.011452487792689,0.0,0.068714926756135,0.0,0.0,0.0,0.1301419067351,0.03748086913971,0.0,0.17595185790586,0.10203125488032,0.0,0.011452487792689,0.0,0.01249362304657,0.0,0.0,0.010411352538808,3.4118002269675,0.0,0.06246811523285001,0.24258451415423,0.21030932128393,0.0,0.0,0.0,0.084331955564347,0.0,0.088496496579871,0.0,0.0,0.065591520994492,0.0,0.0,0.0,0.0,0.0,0.035398598631948,0.0,0.45393497069204,0.083290820310467,11.555560182823,0.0
AZM05R,0.0,0.037924346346802,0.0,0.0,0.0,0.086684220221261,0.0,0.0,0.0,0.016253291291487,0.0,32.057991743328,0.0,0.1581987019038,0.0,0.059595401402117,0.0,0.0,0.013002633033189,0.0,0.0,0.0,0.042258557357865,0.0,0.0,0.0,0.0,0.0,0.0,0.0,0.015169738538721,0.014086185785955,0.034673688088505,0.0,0.057428295896586,0.0,0.0,0.0,0.011919080280423,0.0,0.0,0.35432175015441,0.058511848649351,0.0,0.0,0.0,0.0,0.0,0.0,0.034673688088505,1.9352252164397,0.0,0.0,0.015169738538721,0.0,0.0,0.044425662863397,0.030339477077442,0.0,0.0,0.0,0.0,0.079099350951901,0.0,0.0,0.027088818819144,0.0,0.0,0.24813358038336,0.0,0.25571844965272,0.0,0.0,0.052010532132757,0.0,0.0,0.15711514915104,0.057428295896586,0.0,0.0,0.10835527527658,0.0,0.021671055055315,0.0,0.013002633033189,0.47351255295864,0.0,1.4833837185363,0.05417763763828801,0.0,0.15386449089274,0.2784730574608,1.6188278126321,1.1919080280423,1.3771955487653,0.022754607808081,0.0,0.0,0.0,0.04875987387446,0.4670112364420501,0.14736317437614,0.19503949549784,0.024921713313613,0.0,0.085600667468496,0.021671055055315,0.011919080280423,0.098603300501685,0.045509215616162,0.0,0.14953027988168,0.0,0.0,0.0,0.0,0.0,0.0,0.023838160560847,0.049843426627225,0.94052378940069,0.0,0.0,0.024921713313613,0.0,0.067180270671478,0.0,0.0,0.033590135335739,0.023838160560847,0.013002633033189,0.8820119407513399,0.0,0.0,0.0,0.0,0.15278093813997,0.0,0.14953027988168,0.0,0.0,0.0,0.0,0.073681587188072,0.0,0.0,0.0,0.0,0.0,0.0,0.0,0.12677567207359,0.049843426627225,0.0,0.0,0.02058750230255,0.075848692693604,0.0,0.0,0.0,0.0,0.0,0.061762506907649,0.045509215616162,0.0,0.17445199319529,0.0,0.0,0.0,0.0,0.0,0.017336844044252,0.0,0.0,0.0,0.0,0.023838160560847,0.0,0.38032701622078,0.0,0.026005266066378,0.2058750230255,0.0,0.011919080280423,0.22104476156422,0.0,0.0,0.0,0.0,0.0,0.0,0.026005266066378,0.065013165165946,0.0,0.0,0.0,1.4920521405585,0.0,0.093185536737856,0.082350009210198,0.0,0.0,0.0,0.0,0.011919080280423,0.1647000184204,0.0,0.33156714234633,0.0,0.0,0.071514481682541,0.0,0.0,0.0,0.0,0.6490480989067,0.0,0.0,0.0,0.15061383263444,0.0,0.03900789909956801,0.03575724084127,0.0,0.0,0.0,0.0,0.0,0.027088818819144,0.0,0.0,0.011919080280423,0.0,0.031423029830207,0.0,0.041175004605099,0.0,0.0,0.037924346346802,0.017336844044252,0.0,0.0,0.0,0.0,0.0,0.036840793594036,0.0,0.0,0.0,0.0,0.031423029830207,0.014086185785955,0.0,0.0,0.0,0.0,0.0,0.0,0.0,0.0,0.097519747748919,0.045509215616162,0.0,0.072598034435306,0.1235250138153,0.0,0.0,0.0,0.0,0.0,0.0,0.0,0.0,0.0,0.12785922482636,0.37057504144589,0.030339477077442,0.079099350951901,0.0,0.058511848649351,0.059595401402117,0.0,0.33373424785186,0.0,0.017336844044252,0.0,0.023838160560847,0.019503949549784,0.0,0.0,0.018420396797018,0.72272968609477,0.0,0.5060191355416099,0.05417763763828801,40.076282113795,0.0
AZM05S,0.0,0.016906361300212,0.0,0.0,0.0,0.16004688697534,0.0,0.0,0.0,0.0,0.0,1.7075424913214,0.037193994860466,0.0,0.0,0.022541815066949,5.8135341057662,0.0,0.0,0.0,0.0,0.0,0.12623416437492,0.074387989720932,0.0,0.0,0.0,0.0,0.0,0.0,0.077769261980975,0.0,0.033812722600424,0.0,0.0,0.0,0.0,0.0,0.0,0.0,0.024795996573644,0.27501014381678,0.0,0.0,0.0,0.047337811640593,0.067625445200848,0.0,0.0,0.0,1.4449303457914,0.018033452053559,0.0,0.0,0.11383616608809,0.0,3.2460213696407,0.033812722600424,0.036066904107119,0.0,0.19160542806907,0.0,0.10143816780127,0.0,0.0,0.025923087326992,0.0,0.0,0.0,0.0,0.029304359587034,0.0,0.0,0.0,0.05071908390063599,0.0,0.012397998286822,0.065371263694153,0.0,0.0,0.62328118660115,0.0,0.038321085613814,0.83855552049051,0.0,1.5429872413327,0.0,0.8216491591903,0.0,0.012397998286822,0.56467246742708,0.0,2.5483521933186,0.11383616608809,39.330958928813,0.0,0.018033452053559,0.0,0.014652179793517,0.0,0.33361886299085,0.06875253595419499,0.0,0.0,0.0,0.073260898967585,0.20963888012263,0.0,0.076642171227627,0.0,0.011270907533475,0.020287633560254,0.13186961814165,0.0,0.0,0.0,0.01352508904017,0.0,0.0,0.06086290068076301,0.87687660610432,0.022541815066949,0.038321085613814,0.0,0.0,0.020287633560254,0.0,0.0,0.0,1.9926964519183,0.0,10.736666516388,0.014652179793517,0.011270907533475,0.67287317974843,0.0,0.30769577566386,0.0,0.022541815066949,0.059735809927415,0.0,0.0,0.0,0.0,0.0,0.0,0.0,0.0,0.0,0.0,0.22429105991614,0.076642171227627,0.0,0.0,0.036066904107119,0.0,0.0,0.0,0.0,0.0,0.0,0.0,0.0,0.0,0.0,0.056354537667373,0.0,0.0,0.0,0.0,0.0,0.014652179793517,0.0,0.0,0.0,0.0,0.0,0.0,0.87913078761102,0.0,4.2897074072404,0.38208376538479,0.26937469005004,0.6311708218745801,0.5872142824940301,0.0,0.029304359587034,0.034939813353771,0.0,0.0,0.0,0.0,0.037193994860466,0.0,0.0,0.0,0.16568234074208,0.0,0.14314052567513,0.030431450340381,0.014652179793517,0.0,0.0,0.0,0.01352508904017,0.0,0.0,0.019160542806907,0.0,0.0,0.2874081421036,0.0,0.0,0.13637798115504,0.0,5.1169920201975,0.0,0.0,0.0,3.6382489518056,0.0,0.31896668319733,0.042829448627203,0.016906361300212,0.0,0.0,0.0,0.0,0.054100356160678,0.0,0.40462558045174,0.0,0.0,0.033812722600424,0.0,0.0,0.0,0.08565889725440701,0.040575267120509,0.0,0.018033452053559,0.0,0.083404715747712,0.0,0.028177268833686,0.022541815066949,0.076642171227627,0.0,0.0,0.0,0.0,0.033812722600424,0.0,0.0,0.040575267120509,0.0,0.0,0.0,0.0,0.0,0.022541815066949,0.042829448627203,0.0,0.058608719174068,0.11383616608809,0.0,0.0,0.0,0.0,0.0,0.0,0.0,0.0,0.0,0.065371263694153,0.05184617465398299,0.19498670032911,0.06875253595419499,0.0,0.0,0.0,0.0,0.11045489382805,1.3930841711375,0.014652179793517,0.0,0.05184617465398299,0.067625445200848,0.0,0.0,0.0,0.05297326540733101,0.0,1.4190072584645,0.36405031333123,0.28515396059691,0.0
AZM05T,0.24281180882777,0.0,0.086546783344552,0.0,0.0,0.3726319838446,0.0,0.0,0.0,0.0,0.0,1.5313972497356,0.0,0.13222425233195,0.0,0.12982017501683,0.0,0.0,0.0,0.0,0.0,0.0,0.0,0.0,0.0,0.0,0.0,0.18992210789499,0.060101932878161,0.0,0.081738628714299,0.0,0.39667275699586,0.0,0.0,0.0,0.0,0.0,0.0,0.0,0.18751803057986,0.028848927781517,0.0,0.0,0.19713433984037,0.21155880373113,0.37503606115973,0.15626502548322,0.0,0.0,3.8825848639292,0.0,0.0,0.0,0.07452639676891999,0.0,0.8077699778824899,0.062506010193288,0.0,0.0,0.0,0.0,0.54812962784883,0.036061159726897,0.0,0.0,0.0,0.0,6.7987306471776,0.0,0.52889700932782,0.0,0.0,0.03365708241177,0.13222425233195,0.0,0.0,0.28368112318492,0.0,0.0,4.2552168477738,0.024040773151265,0.036061159726897,0.29329743244543,0.21877103567651,0.069718242138667,0.23319549956727,0.5000480815463,0.0,2.5459178767189,0.37022790652947,0.31493412828157,0.38224829310511,0.026444850466391,0.77892105010097,0.0,0.0,0.0,0.079334551399173,0.19232618521012,0.75968843157996,3.649389364362,0.10097124723531,0.0,0.062506010193288,0.50485623617656,0.0,0.46879507644966,0.60582748341187,0.026444850466391,0.12501202038658,0.50245215886143,0.038465237042023,0.0,0.026444850466391,0.0,0.0,0.0,0.0,0.0,2.8079623040677,0.024040773151265,0.1177997884412,0.0,0.0,0.055293778247908,0.0,0.0,0.076930474084047,0.038465237042023,0.031253005096644,1.5530339455717,0.0,0.0,4.4475430329839,0.0,0.9520146167900799,0.0,0.0,0.81979036445812,0.0,0.0,0.0,0.0,0.0,0.0,0.0,0.0,0.024040773151265,0.072122319453794,0.0,0.0,0.0,0.0,0.0,0.0,0.0,0.0,0.0,0.0,0.0,0.0,0.19232618521012,0.0,0.0,0.27646889123954,0.2812770458698,0.0,0.0,0.0,0.0,0.079334551399173,0.0,0.0,0.024040773151265,0.0,0.0,0.0,0.3365708241177,0.0,0.22598326762189,0.31012597365131,0.036061159726897,0.0,0.62265602461775,0.0,0.024040773151265,0.0,0.0,0.0,0.0,0.0,0.38705644773536,0.0,0.0,0.0,0.045677468987403,0.0,0.072122319453794,0.06731416482354101,0.0,0.0,0.0,0.0,0.0,2.2117511299163,0.2812770458698,0.0,0.050485623617656,0.55774593710934,0.49283584960092,0.0,0.0,0.0,0.0,0.35580344263872,0.045677468987403,0.0,0.0,0.90633714780267,0.10337532455044,6.428502740648099,2.5915953457063,0.35820751995384,0.0,0.0,0.0,0.0,0.031253005096644,0.0,0.22598326762189,0.0,0.028848927781517,0.093759015289932,0.0,0.11299163381094,0.0,0.043273391672276,0.17549764400423,0.0,0.0,0.0,0.0,0.0,2.5915953457063,0.0,0.23800365419752,0.0,0.21877103567651,0.0,0.2548321954034,0.057697855563035,0.6418886431387599,0.44715838061352,0.0,0.0,0.0,0.084142706029426,0.0,0.057697855563035,0.25242811808828,0.086546783344552,0.0,0.0,0.22598326762189,0.0,0.0,0.0,0.026444850466391,0.0,0.0,0.0,0.0,0.29329743244543,0.084142706029426,0.15626502548322,0.9544186941052,0.0,0.0,0.0,0.0,0.0,0.06731416482354101,3.6277526685258,0.0,0.0,0.055293778247908,0.0,0.15866910279835,0.0,1.0481777093951,0.0,0.0,4.4523511876142,2.452158861429,9.7773824406193,0.0
AZM05U,0.0,0.0,0.0,1.2179469162521,0.0,0.057149816839521,0.0,0.05527605235298001,0.77292785069845,0.0,0.026232702811584,0.30917114027938,0.0,0.047780994406813,0.0,0.058086699082792,0.0,0.0,0.018737644865417,0.0,0.0,0.0,0.0,11.389677431444,0.0,0.0,0.0,0.0224851738385,0.0,0.0,0.01124258691925,0.014053233649063,0.34289890103713,0.0,0.0,0.0,0.0,0.0,0.0,0.012179469162521,0.020611409351959,0.11336275143577,0.0,0.014990115892333,0.0,0.0,0.0,0.05059164113662599,0.0,0.0,0.20611409351959,0.0,0.0,0.0,0.023422056081771,0.0,0.14427986546371,0.87973242643132,0.0,0.0,0.12647910284156,0.0,0.0,0.0,0.0,0.0,0.0,0.3213506094419,0.042159700947188,0.074013697218397,0.0,0.036538407487563,4.9289374818479,0.060897345812605,0.57618257961157,0.0,0.0,0.04028593646064599,0.0,0.0,0.069329286002042,0.0,0.58461451980101,0.29511790663032,0.0,0.016863880378875,0.0,0.64082745439726,0.0,0.0,1.563656464019,0.0,0.061834228055876,0.0,0.041222818703917,0.0,0.0,0.0,0.2988654356034,0.0,0.29324414214377,0.04497034767700001,0.0,0.0,0.0,0.0,0.0,0.0,23.718110870645,0.83382519651105,0.0,0.014053233649063,1.304140082633,0.0,0.0,0.0,0.0,0.080571872921293,0.0,0.0,0.77854914415807,0.21641979819556,0.134911043031,0.0,0.0,0.017800762622146,0.056212934596251,0.0,0.18831333089744,0.06651863927223,0.0,0.027169585054854,0.19018709538398,0.099309517786709,6.2546258560762,0.015926998135604,0.52840158520476,0.0,0.054339170109709,0.0,0.0,0.012179469162521,0.0,0.0,0.021548291595229,0.041222818703917,0.030917114027938,0.018737644865417,0.0,0.0,0.0,0.0,0.0,0.0,0.087130048624188,0.0,0.0,0.0,0.0,0.04028593646064599,0.0,0.076824343948209,0.18737644865417,0.0,0.0,0.54058105436728,0.10493081124633,0.039349054217375,0.031853996271209,0.0,0.1124258691925,0.13397416078773,0.04028593646064599,0.0,0.0,0.0,0.0,0.0,0.10586769348961,0.0,0.0,0.0,0.0,0.026232702811584,0.26232702811584,0.01124258691925,0.070266168245313,0.0,0.0,0.0,0.0,0.0,0.012179469162521,0.0,0.0,0.0,0.0,0.0,0.0,0.33259319636115,0.0,0.014053233649063,0.010305704675979,0.0,0.0,0.019674527108688,0.0,0.0,0.0,0.0,0.053402287866438,0.0,0.029980231784667,0.0,0.059960463569334,0.0,0.0,0.0,0.0,0.39817495339011,0.0,25.976933959171,0.0,0.0,0.0,0.0,0.0,0.0,0.27356961503509,0.0,0.0,0.0,0.0,0.024358938325042,0.0,0.12366845611175,0.0,0.012179469162521,0.014053233649063,0.0,0.0,0.0,0.01124258691925,0.0,0.0,0.0,0.10118328227325,0.0,0.0,0.0,0.0,0.020611409351959,0.69329286002042,0.06651863927223,0.0,0.12366845611175,0.057149816839521,0.0,0.48717876650084,0.0,0.029043349541396,0.017800762622146,0.018737644865417,0.031853996271209,0.023422056081771,0.0,0.0,0.0,0.2089247402494,0.0,0.026232702811584,0.0,0.0,0.0,0.012179469162521,0.24827379446677,1.1673552751155,0.0,0.0,0.0,0.0,0.0,0.08525628413764699,0.0,0.0,0.0,0.0,0.028106467298125,0.0,0.0,0.0,0.0,0.0,0.0,2.888407956004,2.6176489876987,0.0
AZM05V,0.0,0.0,0.0,0.08574091332712,0.0,0.38583410997204,0.0,0.012115563839702,1.3373718546132,0.19944082013048,0.05591798695247,0.8602050326188301,0.023299161230196,0.047530288909599,0.035414725069897,0.37931034482759,0.0,0.018639328984157,0.36067101584343,0.0,0.027027027027027,0.0,0.011183597390494,0.40074557315937,0.025163094128611,0.0093196644920783,0.0,0.054986020503262,0.0,0.069897483690587,0.069897483690587,0.014911463187325,0.061509785647717,0.0,0.0,0.0,0.0,0.09133271202236701,0.056849953401678,0.16216216216216,0.0,1.0316868592731,0.0,6.3662628145387,0.34109972041007,0.32991612301957,0.0,0.0,0.0,1.0931966449208,6.4771668219944,0.047530288909599,0.0,0.01304753028891,0.054054054054054,0.0,1.0689655172414,0.041938490214352,0.026095060577819,0.0,1.0186393289842,0.0,0.0,0.0,0.0,0.0,0.12861136999068,0.0,0.029822926374651,0.0,0.026095060577819,0.0,0.0,0.019571295433364,0.010251630941286,0.0,0.029822926374651,0.0,0.018639328984157,0.030754892823858,0.0093196644920783,0.25629077353215,0.0,2.0400745573159,0.0,0.048462255358807,0.0,0.13327120223672,0.0,0.02143522833178,2.5144454799627,0.0,0.10438024231128,0.0,1.0643056849953,0.0,0.048462255358807,0.082945013979497,1.4659832246039,0.016775396085741,0.3457595526561,0.5554520037278701,0.26281453867661,0.028890959925443,0.0,0.054054054054054,0.12395153774464,0.04287045666356,0.2618825722274,0.093196644920783,0.0,0.019571295433364,3.9701770736253,0.0,0.0,0.0,0.11556383970177,0.0,0.0,0.022367194780988,5.219944082013,0.019571295433364,0.9524697110904,0.0,0.0,0.024231127679404,0.053122087604846,0.23951537744641,0.073625349487418,0.032618825722274,0.01304753028891,0.18080149114632,0.0,0.03448275862069,0.14165890027959,0.0,8.5274930102516,0.0,0.089468779123952,0.014911463187325,0.0,0.092264678471575,0.0,0.018639328984157,0.03448275862069,0.062441752096925,0.52749301025163,0.076421248835042,0.014911463187325,0.0,0.056849953401678,0.049394221808015,0.014911463187325,0.029822926374651,0.62068965517241,0.018639328984157,0.0,0.0,0.0,0.0,0.015843429636533,0.34203168685927,0.46784715750233,0.0,0.011183597390494,2.9608574091333,0.0,0.10624417520969,0.13327120223672,0.0,0.0,0.33271202236719,0.029822926374651,0.27958993476235,0.0,0.013979496738117,0.0,0.0,0.0,0.0,0.0,0.16775396085741,0.0,0.18452935694315,0.67474370922647,0.095992544268406,0.020503261882572,0.0,0.0,0.049394221808015,0.11276794035415,0.0,0.0,0.0,0.0,0.0,0.19384902143523,0.0,0.0,0.0,0.0,0.016775396085741,0.019571295433364,0.022367194780988,0.0,0.0,0.0,0.0,0.0,0.0,0.067101584342964,0.0,3.6244175209692,0.0,0.02143522833178,0.0,0.0,0.024231127679404,0.0,0.5358807082945,0.0,9.8033550792171,0.056849953401678,0.0,0.096924510717614,0.0,0.0,0.0,0.74836905871389,0.0,0.0,0.0,0.0,0.023299161230196,0.046598322460391,0.24510717614166,0.010251630941286,0.0,0.0,0.0,0.0,0.0,0.0,0.020503261882572,0.0,0.0,0.0,0.0,0.91985088536813,0.28704566635601,0.0,0.017707362534949,0.051258154706431,0.20876048462255,0.044734389561976,0.0,0.0,0.0,1.3755824790308,0.033550792171482,0.060577819198509,0.049394221808015,0.0,0.09878844361603,0.058713886300093,0.010251630941286,0.0,0.0,0.0,0.037278657968313,0.0,0.0,0.0,0.0,0.030754892823858,0.2972972972973,3.7548928238583,0.0,0.026095060577819,0.029822926374651,0.016775396085741,0.0,1.0428704566636,0.0,0.0,0.0,0.0,0.0,0.0093196644920783,0.095060577819199,0.067101584342964,0.0,0.0,0.0,1.0512581547064,2.3839701770736,0.0
AZM05W,0.10241944962138,0.0,0.0,0.0,0.0,0.27871522355983,0.0,0.022666599506372,0.25269060931177,0.33496197048305,0.011753051595897,0.17797478130929,0.0,0.046172702698165,0.0083950368542118,0.33748048153931,0.0,0.0,0.60024513507614,0.0,0.0,0.0,0.49782568545476,0.6103191793011999,0.012592555281318,0.026864117933478,0.0,0.0,0.0,0.041975184271059,1.8704142111184,0.016790073708424,0.0,0.0,0.012592555281318,0.0,0.0,0.009234540539633001,0.037777665843953,0.25101160194093,0.0,1.0510586141473,0.031061636360584,0.0,0.0,0.0,0.043654191641901,0.24681408351383,0.13851810809449,0.0,1.5732299064793,0.0,0.0,0.012592555281318,0.0,0.067160294833694,0.17965378868013,0.11669101227354,0.018469081079266,0.0,3.5326315082523,0.0,0.0,0.0,0.0,0.13516009335281,0.0,0.0,0.0,0.0,0.0,0.022666599506372,0.0,0.012592555281318,0.0,0.0,0.0,0.27871522355983,0.045333199012744,0.44745546432949,0.015111066337581,1.6748098524153,0.0,0.03525915478769,0.0,0.026024614248057,0.010074044225054,0.29214728252657,0.0,0.01427156265216,2.1642405010158,0.0083950368542118,0.21155492872614,0.0,3.6409274836717,0.0,0.22414748400745,0.045333199012744,1.0074044225054,0.0,0.19140684027603,0.25688812773888,0.33999899259558,0.018469081079266,0.0,0.0,0.2854312530432,0.023506103191793,5.0890713410232,0.0,0.0,0.031901140046005,4.3679376752464,0.018469081079266,0.0,0.0,0.13348108598197,0.0,0.0,0.009234540539633001,10.138686008832,0.40296176900217,0.21575244715324,0.0,0.02854312530432,0.03525915478769,0.67412145939321,0.8050840343189101,0.01427156265216,0.095703420138014,0.0,0.0,0.0,0.022666599506372,0.50957873705066,0.0,0.6153562014137199,0.0,0.05037022112527099,0.038617169529374,0.9117010023674,0.10074044225054,0.011753051595897,0.0,0.022666599506372,0.0,0.009234540539633001,0.0,0.0,0.0,0.0,0.0,0.0083950368542118,0.0,0.0,0.034419651102268,0.0,0.0,0.0,0.0,0.0,0.19728336607398,0.18972783290519,0.0,0.0,0.47935660437549,0.0,0.013432058966739,0.0,0.0,0.0,0.079752850115012,0.0,0.05960476166490401,0.0,0.0,0.0,0.0,0.0,0.0,0.0,0.05960476166490401,0.052888732181534,0.020148088450108,0.43486290904817,0.13432058966739,0.0,0.0,0.0,0.015111066337581,0.09822193119427801,0.0,0.0083950368542118,0.0,0.0,0.0,0.066320791148273,0.015111066337581,0.0,0.0,0.0,0.0,0.016790073708424,0.0,0.0,0.0,0.0,0.0,0.0,0.0,0.015950570023002,0.0,0.11249349384644,0.0,0.096542923823436,0.0,0.0,2.9861146090431,0.0,0.35175204419147,0.0,21.02788831243,0.0,0.04281468795648,0.27955472724525,0.0,0.0,0.009234540539633001,0.0713578132608,0.013432058966739,0.0,0.0,0.012592555281318,0.14439463389244,0.0,0.088987390654645,0.021827095820951,0.0,0.0,0.022666599506372,0.0,0.0,0.091505901710909,0.031061636360584,0.0,0.11669101227354,0.0,0.0,0.026024614248057,0.0,0.0,0.0,0.05708625060864,0.046172702698165,0.0,0.0,0.0,0.0,0.0,0.0,0.062962776406588,0.04953071743985001,0.17881428499471,0.027703621618899,0.05372823586695501,0.0,0.010074044225054,0.015111066337581,0.0,0.020148088450108,0.0,0.011753051595897,0.0,0.0,0.01427156265216,2.4295236656089,1.1551570711395,0.0,0.015950570023002,0.015111066337581,0.073036820631643,0.0,1.7176245403717,0.0,0.021827095820951,0.0,0.0,0.020148088450108,0.0,0.083110864856697,0.06548128746285199,0.0,0.0,0.43654191641901,0.71945465840595,7.6478785741869,1.108144864756
AZM05X,0.0,0.0,0.0,0.0,0.0,0.26984979279391,0.0,0.039926755056242,0.0,0.071592802169813,0.0,1.4635220905098,0.0,0.07572315614114801,0.18035879008164,0.0,1.429102474082,0.0,0.030289262456459,0.0,0.045433893684689,0.096374925997825,0.030289262456459,0.7613619153828199,0.0,0.0,0.0,0.0,0.0,0.028912477799347,0.0,0.0,0.027535693142236,0.0,0.0,0.0,0.0,0.020651769856677,0.0,0.01514463122823,0.039926755056242,0.17622843611031,0.11427312654028,0.0,0.15695345091074,0.0,0.0,0.17347486679608,0.0,0.14593917365385,7.1372516624675,0.0,0.0,0.0,0.18035879008164,0.0,0.34419616427795,0.0,0.0,0.0,0.2574587308799,0.0,0.63194415761431,0.094998141340713,0.0,0.013767846571118,0.0,0.026158908485124,0.099128495312048,0.0,0.11978026516872,0.0,0.0,0.057824955598695,0.0,0.0,0.14593917365385,0.0,0.0,0.0,0.15419988159652,0.0,0.063332094227142,12.062010380956,0.12391061914006,3.017911968389,0.1046356339405,6.8219679759889,0.0,0.0,0.45020858287555,0.0,0.7475940688117,0.18035879008164,3.8384756240276,0.0,0.14869274296807,0.063332094227142,0.0,0.0,0.44332465958999,0.20101055993832,0.53006209298804,0.028912477799347,0.0,0.066085663541365,0.18311235939587,0.1046356339405,0.1638373741963,0.044057109027577,0.0,0.18586592871009,0.6195530957002999,0.0,0.0,0.0,0.0,0.0,0.0,0.0,3.0963886938444,2.5966158633128,0.017898200542453,0.0,0.01514463122823,0.09086778736937799,0.0,0.0,0.013767846571118,0.83983864083819,0.0,2.4520534743161,0.0,0.066085663541365,1.1991794363444,0.0,0.62781380364297,0.0,0.0,0.0,0.0,0.20514091390966,0.0,0.0,0.0,0.0,0.0,0.0,0.0,0.0,0.0,0.11564991119739,0.17898200542453,0.0,0.0,0.030289262456459,0.0,0.037173185742018,0.0,0.0,0.0,0.0,0.088114218055154,0.0,0.0,0.3386890256495,0.0,0.0,0.0,0.0,0.0,0.17760522076742,0.0,0.0,0.0,0.0,0.0,0.0,2.0982198174384,0.017898200542453,0.063332094227142,0.4281800283617601,0.27948728539369,0.041303539713353,1.5254774000799,0.044057109027577,0.048187462998912,0.0,0.0,0.0,0.0,0.028912477799347,0.07572315614114801,0.0,0.0,0.0,0.0,0.0,0.16796772816764,1.0573706166618,0.0,0.063332094227142,0.0,0.0,0.0,0.13492489639695,0.0,0.0,0.0,0.39651398124819,0.22992303773767,0.0,0.027535693142236,0.06746244819847699,0.0,3.8646345325128,0.0,0.0,0.0,2.2689411149202,0.18586592871009,1.3864221497116,0.01514463122823,0.0,0.0,0.0,0.0,0.0,0.48462819930335,0.0,0.0,1.8297468093016,0.0,0.14869274296807,0.078476725455372,0.2450676689659,0.0,0.070216017512701,0.25332837690857,0.0,0.0,0.0,0.0,0.033042831770683,0.0,2.2262607905498,0.12115704982584,0.0,0.056448170941583,0.0,0.0,0.019274985199565,0.43506395164732,0.33593545633527,0.0,0.0,0.0,0.0,0.0,0.034419616427795,0.030289262456459,0.0,0.017898200542453,0.37035507276307,0.66911734335633,0.0,0.0,0.0,0.0,0.0,0.0,0.0,0.0,0.0,0.0,1.7994575468451,1.0325884928338,0.0,0.0,0.10601241859761,0.0,0.0,0.16796772816764,0.0,0.18035879008164,0.0,0.0,7.833904698966,0.0,0.0,0.0,3.9857915823386,0.0,0.59064061790095,0.5025263998457999,0.7269422989550199,0.0
